,Batch,Fenotype,Fish,hist,bins
0,batch 3,KO179,ZebraF_1,1.6126421992512523,0.0
0,batch 3,KO179,ZebraF_1,0.6088112228728985,0.08333333333333333
0,batch 3,KO179,ZebraF_1,0.5306395497591347,0.16666666666666666
0,batch 3,KO179,ZebraF_1,0.5872452478747436,0.25
0,batch 3,KO179,ZebraF_1,0.7457022315808735,0.3333333333333333
0,batch 3,KO179,ZebraF_1,1.1846371930389872,0.41666666666666663
0,batch 3,KO179,ZebraF_1,1.3899246483153542,0.5
0,batch 3,KO179,ZebraF_1,1.4033047069140143,0.5833333333333333
0,batch 3,KO179,ZebraF_1,1.2310950336561628,0.6666666666666666
0,batch 3,KO179,ZebraF_1,1.0166742481610165,0.75
0,batch 3,KO179,ZebraF_1,0.6773694323645827,0.8333333333333333
0,batch 3,KO179,ZebraF_1,1.0119542862109778,0.9166666666666666
1,batch 3,KO179,ZebraF_10,0.7778768526009271,0.0
1,batch 3,KO179,ZebraF_10,0.9679111535128997,0.08333333333333333
1,batch 3,KO179,ZebraF_10,0.5140689407165705,0.16666666666666666
1,batch 3,KO179,ZebraF_10,0.09375835033909541,0.25
1,batch 3,KO179,ZebraF_10,0.001056436434724945,0.3333333333333333
1,batch 3,KO179,ZebraF_10,0.041668805754277616,0.41666666666666663
1,batch 3,KO179,ZebraF_10,0.22423943865854576,0.5
1,batch 3,KO179,ZebraF_10,0.7104131821156879,0.5833333333333333
1,batch 3,KO179,ZebraF_10,0.6051147212513025,0.6666666666666666
1,batch 3,KO179,ZebraF_10,2.5674551574466884,0.75
1,batch 3,KO179,ZebraF_10,2.355693832098727,0.8333333333333333
1,batch 3,KO179,ZebraF_10,3.1407431290705548,0.9166666666666666
2,batch 3,KO179,ZebraF_11,3.8617480103789967,0.0
2,batch 3,KO179,ZebraF_11,1.3971873977904596,0.08333333333333333
2,batch 3,KO179,ZebraF_11,1.0420400326219939,0.16666666666666666
2,batch 3,KO179,ZebraF_11,1.0605380753500606,0.25
2,batch 3,KO179,ZebraF_11,2.1731861552078318,0.3333333333333333
2,batch 3,KO179,ZebraF_11,1.7140106774083184,0.41666666666666663
2,batch 3,KO179,ZebraF_11,0.7512896512423405,0.5
2,batch 3,KO179,ZebraF_11,0.0,0.5833333333333333
2,batch 3,KO179,ZebraF_11,0.0,0.6666666666666666
2,batch 3,KO179,ZebraF_11,0.0,0.75
2,batch 3,KO179,ZebraF_11,0.0,0.8333333333333333
2,batch 3,KO179,ZebraF_11,0.0,0.9166666666666666
3,batch 3,KO179,ZebraF_12,3.4048437109863627,0.0
3,batch 3,KO179,ZebraF_12,1.572924068493008,0.08333333333333333
3,batch 3,KO179,ZebraF_12,1.0659534819313194,0.16666666666666666
3,batch 3,KO179,ZebraF_12,0.6710842496388303,0.25
3,batch 3,KO179,ZebraF_12,0.6862175657854499,0.3333333333333333
3,batch 3,KO179,ZebraF_12,0.7419021732858865,0.41666666666666663
3,batch 3,KO179,ZebraF_12,0.4595637798434391,0.5
3,batch 3,KO179,ZebraF_12,0.5408379548374737,0.5833333333333333
3,batch 3,KO179,ZebraF_12,0.5670694168176026,0.6666666666666666
3,batch 3,KO179,ZebraF_12,1.3935998683949762,0.75
3,batch 3,KO179,ZebraF_12,0.8392199799124276,0.8333333333333333
3,batch 3,KO179,ZebraF_12,0.056783750073223456,0.9166666666666666
4,batch 3,KO179,ZebraF_2,0.38661741640001723,0.0
4,batch 3,KO179,ZebraF_2,0.35059869798881005,0.08333333333333333
4,batch 3,KO179,ZebraF_2,0.5586191375089588,0.16666666666666666
4,batch 3,KO179,ZebraF_2,0.7173346280590575,0.25
4,batch 3,KO179,ZebraF_2,1.1934526972686854,0.3333333333333333
4,batch 3,KO179,ZebraF_2,1.739623491394417,0.41666666666666663
4,batch 3,KO179,ZebraF_2,1.9123528605471307,0.5
4,batch 3,KO179,ZebraF_2,0.9703141105652255,0.5833333333333333
4,batch 3,KO179,ZebraF_2,1.2450249975318222,0.6666666666666666
4,batch 3,KO179,ZebraF_2,1.4426627738947113,0.75
4,batch 3,KO179,ZebraF_2,1.1406071631797987,0.8333333333333333
4,batch 3,KO179,ZebraF_2,0.34279202566136646,0.9166666666666666
5,batch 3,KO179,ZebraF_3,3.696650479099968,0.0
5,batch 3,KO179,ZebraF_3,2.0397933351598856,0.08333333333333333
5,batch 3,KO179,ZebraF_3,1.2635460492512467,0.16666666666666666
5,batch 3,KO179,ZebraF_3,0.473231103129763,0.25
5,batch 3,KO179,ZebraF_3,0.3856045909905322,0.3333333333333333
5,batch 3,KO179,ZebraF_3,0.1461920055424157,0.41666666666666663
5,batch 3,KO179,ZebraF_3,0.2648783524288937,0.5
5,batch 3,KO179,ZebraF_3,0.3626027901191843,0.5833333333333333
5,batch 3,KO179,ZebraF_3,0.0685949875438649,0.6666666666666666
5,batch 3,KO179,ZebraF_3,0.23065269377213155,0.75
5,batch 3,KO179,ZebraF_3,1.4847839474404758,0.8333333333333333
5,batch 3,KO179,ZebraF_3,1.583469665521635,0.9166666666666666
6,batch 3,KO179,ZebraF_4,2.8255133803234376,0.0
6,batch 3,KO179,ZebraF_4,0.2348312488440867,0.08333333333333333
6,batch 3,KO179,ZebraF_4,0.11913012226294624,0.16666666666666666
6,batch 3,KO179,ZebraF_4,0.6546611363384202,0.25
6,batch 3,KO179,ZebraF_4,2.0073611289800675,0.3333333333333333
6,batch 3,KO179,ZebraF_4,0.16497911385250622,0.41666666666666663
6,batch 3,KO179,ZebraF_4,0.9775563861994071,0.5
6,batch 3,KO179,ZebraF_4,4.58399522430453,0.5833333333333333
6,batch 3,KO179,ZebraF_4,0.19766137599186442,0.6666666666666666
6,batch 3,KO179,ZebraF_4,0.03988195170533977,0.75
6,batch 3,KO179,ZebraF_4,0.19442893119739385,0.8333333333333333
6,batch 3,KO179,ZebraF_4,0.0,0.9166666666666666
7,batch 3,KO179,ZebraF_5,3.7341481239600594,0.0
7,batch 3,KO179,ZebraF_5,1.2916442761048272,0.08333333333333333
7,batch 3,KO179,ZebraF_5,0.6535119510898099,0.16666666666666666
7,batch 3,KO179,ZebraF_5,0.6935547443385255,0.25
7,batch 3,KO179,ZebraF_5,0.4334179568248128,0.3333333333333333
7,batch 3,KO179,ZebraF_5,0.7830839329769236,0.41666666666666663
7,batch 3,KO179,ZebraF_5,1.085199805045368,0.5
7,batch 3,KO179,ZebraF_5,0.7663681556996221,0.5833333333333333
7,batch 3,KO179,ZebraF_5,0.7799469069852679,0.6666666666666666
7,batch 3,KO179,ZebraF_5,1.120204055802155,0.75
7,batch 3,KO179,ZebraF_5,0.5051327452231567,0.8333333333333333
7,batch 3,KO179,ZebraF_5,0.15378734594947185,0.9166666666666666
8,batch 3,KO179,ZebraF_6,2.342495829146989,0.0
8,batch 3,KO179,ZebraF_6,0.9914213416189553,0.08333333333333333
8,batch 3,KO179,ZebraF_6,2.4197239015836045,0.16666666666666666
8,batch 3,KO179,ZebraF_6,0.8984654208702737,0.25
8,batch 3,KO179,ZebraF_6,3.85006257810793,0.3333333333333333
8,batch 3,KO179,ZebraF_6,1.0635631555702956,0.41666666666666663
8,batch 3,KO179,ZebraF_6,0.3127129426726056,0.5
8,batch 3,KO179,ZebraF_6,0.12155483042934837,0.5833333333333333
8,batch 3,KO179,ZebraF_6,0.0,0.6666666666666666
8,batch 3,KO179,ZebraF_6,0.0,0.75
8,batch 3,KO179,ZebraF_6,0.0,0.8333333333333333
8,batch 3,KO179,ZebraF_6,0.0,0.9166666666666666
9,batch 3,KO179,ZebraF_7,2.6072611353983985,0.0
9,batch 3,KO179,ZebraF_7,1.2243884364719735,0.08333333333333333
9,batch 3,KO179,ZebraF_7,1.0498611689354433,0.16666666666666666
9,batch 3,KO179,ZebraF_7,0.847762822805469,0.25
9,batch 3,KO179,ZebraF_7,0.6122130831152549,0.3333333333333333
9,batch 3,KO179,ZebraF_7,0.5756032743890465,0.41666666666666663
9,batch 3,KO179,ZebraF_7,0.5215750896462084,0.5
9,batch 3,KO179,ZebraF_7,0.6653763703524141,0.5833333333333333
9,batch 3,KO179,ZebraF_7,1.12067799145398,0.6666666666666666
9,batch 3,KO179,ZebraF_7,0.7846035542137223,0.75
9,batch 3,KO179,ZebraF_7,1.121327005668571,0.8333333333333333
9,batch 3,KO179,ZebraF_7,0.8693500675495199,0.9166666666666666
10,batch 3,KO179,ZebraF_8,0.08981131414248147,0.0
10,batch 3,KO179,ZebraF_8,0.04484078709495635,0.08333333333333333
10,batch 3,KO179,ZebraF_8,0.19995948383776604,0.16666666666666666
10,batch 3,KO179,ZebraF_8,0.056297846418252716,0.25
10,batch 3,KO179,ZebraF_8,0.37040938956490277,0.3333333333333333
10,batch 3,KO179,ZebraF_8,0.39331366672645957,0.41666666666666663
10,batch 3,KO179,ZebraF_8,4.274471923866516,0.5
10,batch 3,KO179,ZebraF_8,0.2445767472075639,0.5833333333333333
10,batch 3,KO179,ZebraF_8,0.32121485027736524,0.6666666666666666
10,batch 3,KO179,ZebraF_8,0.4120598574556506,0.75
10,batch 3,KO179,ZebraF_8,0.8264467566834073,0.8333333333333333
10,batch 3,KO179,ZebraF_8,4.766597376724681,0.9166666666666666
11,batch 3,KO179,ZebraF_9,8.681309937591411,0.0
11,batch 3,KO179,ZebraF_9,0.7138337021784129,0.08333333333333333
11,batch 3,KO179,ZebraF_9,0.3463455899404317,0.16666666666666666
11,batch 3,KO179,ZebraF_9,0.5410988106514137,0.25
11,batch 3,KO179,ZebraF_9,0.36861239064003565,0.3333333333333333
11,batch 3,KO179,ZebraF_9,0.30056446470213805,0.41666666666666663
11,batch 3,KO179,ZebraF_9,0.18786103427735912,0.5
11,batch 3,KO179,ZebraF_9,0.23746708300838695,0.5833333333333333
11,batch 3,KO179,ZebraF_9,0.6229069870104114,0.6666666666666666
11,batch 3,KO179,ZebraF_9,0.0,0.75
11,batch 3,KO179,ZebraF_9,0.0,0.8333333333333333
11,batch 3,KO179,ZebraF_9,0.0,0.9166666666666666
12,batch 3,KO44,ZebraF_1,0.4382211482548383,0.0
12,batch 3,KO44,ZebraF_1,0.31883651338532754,0.08333333333333333
12,batch 3,KO44,ZebraF_1,0.33944152292981816,0.16666666666666666
12,batch 3,KO44,ZebraF_1,2.399265026151856,0.25
12,batch 3,KO44,ZebraF_1,0.7256055127479824,0.3333333333333333
12,batch 3,KO44,ZebraF_1,0.6144954948254463,0.41666666666666663
12,batch 3,KO44,ZebraF_1,1.0218476601567577,0.5
12,batch 3,KO44,ZebraF_1,0.8399472485195203,0.5833333333333333
12,batch 3,KO44,ZebraF_1,1.6626402127749673,0.6666666666666666
12,batch 3,KO44,ZebraF_1,1.1491726788796721,0.75
12,batch 3,KO44,ZebraF_1,0.6638277339842409,0.8333333333333333
12,batch 3,KO44,ZebraF_1,1.8266992473895742,0.9166666666666666
14,batch 3,KO44,ZebraF_11,0.6163139210414375,0.0
14,batch 3,KO44,ZebraF_11,0.03038697454001266,0.08333333333333333
14,batch 3,KO44,ZebraF_11,1.9194982948456072,0.16666666666666666
14,batch 3,KO44,ZebraF_11,0.35381053584684086,0.25
14,batch 3,KO44,ZebraF_11,1.214828187197901,0.3333333333333333
14,batch 3,KO44,ZebraF_11,0.008860879204948012,0.41666666666666663
14,batch 3,KO44,ZebraF_11,0.01969758508286283,0.5
14,batch 3,KO44,ZebraF_11,0.0876995806091896,0.5833333333333333
14,batch 3,KO44,ZebraF_11,7.022868051797176,0.6666666666666666
14,batch 3,KO44,ZebraF_11,0.23684475651614484,0.75
14,batch 3,KO44,ZebraF_11,0.17826288207079113,0.8333333333333333
14,batch 3,KO44,ZebraF_11,0.3109283512470843,0.9166666666666666
15,batch 3,KO44,ZebraF_12,1.9539276599258715,0.0
15,batch 3,KO44,ZebraF_12,0.5666409425278257,0.08333333333333333
15,batch 3,KO44,ZebraF_12,0.23884219742259458,0.16666666666666666
15,batch 3,KO44,ZebraF_12,0.16193769755090667,0.25
15,batch 3,KO44,ZebraF_12,0.2610393747864666,0.3333333333333333
15,batch 3,KO44,ZebraF_12,0.14668932971049325,0.41666666666666663
15,batch 3,KO44,ZebraF_12,0.35116518095157995,0.5
15,batch 3,KO44,ZebraF_12,4.858689422620199,0.5833333333333333
15,batch 3,KO44,ZebraF_12,1.731263855673598,0.6666666666666666
15,batch 3,KO44,ZebraF_12,0.6705635608733258,0.75
15,batch 3,KO44,ZebraF_12,0.3223261113439966,0.8333333333333333
15,batch 3,KO44,ZebraF_12,0.7369146666131395,0.9166666666666666
16,batch 3,KO44,ZebraF_2,3.1099381204123078,0.0
16,batch 3,KO44,ZebraF_2,0.06804260284151097,0.08333333333333333
16,batch 3,KO44,ZebraF_2,0.2721777376463741,0.16666666666666666
16,batch 3,KO44,ZebraF_2,0.7212306660463619,0.25
16,batch 3,KO44,ZebraF_2,0.8990866361999552,0.3333333333333333
16,batch 3,KO44,ZebraF_2,1.2674525760048647,0.41666666666666663
16,batch 3,KO44,ZebraF_2,1.4488072725339955,0.5
16,batch 3,KO44,ZebraF_2,1.6962730270471627,0.5833333333333333
16,batch 3,KO44,ZebraF_2,2.173230863717084,0.6666666666666666
16,batch 3,KO44,ZebraF_2,0.3437604975503816,0.75
16,batch 3,KO44,ZebraF_2,0.0,0.8333333333333333
16,batch 3,KO44,ZebraF_2,0.0,0.9166666666666666
17,batch 3,KO44,ZebraF_3,4.445770916373929,0.0
17,batch 3,KO44,ZebraF_3,0.04663617066951206,0.08333333333333333
17,batch 3,KO44,ZebraF_3,0.1854320790146671,0.16666666666666666
17,batch 3,KO44,ZebraF_3,0.2622356424407752,0.25
17,batch 3,KO44,ZebraF_3,0.44150860024923777,0.3333333333333333
17,batch 3,KO44,ZebraF_3,0.7309255383249211,0.41666666666666663
17,batch 3,KO44,ZebraF_3,1.0031698601852783,0.5
17,batch 3,KO44,ZebraF_3,1.5149994221577288,0.5833333333333333
17,batch 3,KO44,ZebraF_3,1.593140706618305,0.6666666666666666
17,batch 3,KO44,ZebraF_3,1.5176875686559042,0.75
17,batch 3,KO44,ZebraF_3,0.25849349530974136,0.8333333333333333
17,batch 3,KO44,ZebraF_3,0.0,0.9166666666666666
18,batch 3,KO44,ZebraF_4,1.1210605134314413,0.0
18,batch 3,KO44,ZebraF_4,0.039188633052290915,0.08333333333333333
18,batch 3,KO44,ZebraF_4,0.8492892927820614,0.16666666666666666
18,batch 3,KO44,ZebraF_4,0.49982162981222344,0.25
18,batch 3,KO44,ZebraF_4,0.8778052596981827,0.3333333333333333
18,batch 3,KO44,ZebraF_4,1.050214806048684,0.41666666666666663
18,batch 3,KO44,ZebraF_4,1.5273188987068367,0.5
18,batch 3,KO44,ZebraF_4,0.7047971003889542,0.5833333333333333
18,batch 3,KO44,ZebraF_4,0.9890023126407411,0.6666666666666666
18,batch 3,KO44,ZebraF_4,0.6978184739486677,0.75
18,batch 3,KO44,ZebraF_4,3.6436830794899153,0.8333333333333333
18,batch 3,KO44,ZebraF_4,0.0,0.9166666666666666
19,batch 3,KO44,ZebraF_5,4.27754878269791,0.0
19,batch 3,KO44,ZebraF_5,2.310049004550937,0.08333333333333333
19,batch 3,KO44,ZebraF_5,0.33047030622002954,0.16666666666666666
19,batch 3,KO44,ZebraF_5,0.21748250278562545,0.25
19,batch 3,KO44,ZebraF_5,0.2680601792440011,0.3333333333333333
19,batch 3,KO44,ZebraF_5,2.04923481371244,0.41666666666666663
19,batch 3,KO44,ZebraF_5,1.30506019042434,0.5
19,batch 3,KO44,ZebraF_5,0.7126888300319079,0.5833333333333333
19,batch 3,KO44,ZebraF_5,0.2754849947514002,0.6666666666666666
19,batch 3,KO44,ZebraF_5,0.23484977854576553,0.75
19,batch 3,KO44,ZebraF_5,0.0,0.8333333333333333
19,batch 3,KO44,ZebraF_5,0.019070617035640974,0.9166666666666666
20,batch 3,KO44,ZebraF_6,3.7314792383882307,0.0
20,batch 3,KO44,ZebraF_6,0.817918742007559,0.08333333333333333
20,batch 3,KO44,ZebraF_6,0.5060847708663755,0.16666666666666666
20,batch 3,KO44,ZebraF_6,0.6105333587512145,0.25
20,batch 3,KO44,ZebraF_6,0.7917945334098533,0.3333333333333333
20,batch 3,KO44,ZebraF_6,0.18373681808799208,0.41666666666666663
20,batch 3,KO44,ZebraF_6,0.35554804420197594,0.5
20,batch 3,KO44,ZebraF_6,0.4225914165067238,0.5833333333333333
20,batch 3,KO44,ZebraF_6,0.6966443031330426,0.6666666666666666
20,batch 3,KO44,ZebraF_6,1.4303629212760354,0.75
20,batch 3,KO44,ZebraF_6,1.1043189148136756,0.8333333333333333
20,batch 3,KO44,ZebraF_6,1.3489869385573237,0.9166666666666666
21,batch 3,KO44,ZebraF_7,9.67360870180777,0.0
21,batch 3,KO44,ZebraF_7,0.04507931991928298,0.08333333333333333
21,batch 3,KO44,ZebraF_7,0.09669437795761392,0.16666666666666666
21,batch 3,KO44,ZebraF_7,0.024327829756641422,0.25
21,batch 3,KO44,ZebraF_7,0.8117739356547437,0.3333333333333333
21,batch 3,KO44,ZebraF_7,0.06291595136541295,0.41666666666666663
21,batch 3,KO44,ZebraF_7,0.0,0.5
21,batch 3,KO44,ZebraF_7,0.004959583555317388,0.5833333333333333
21,batch 3,KO44,ZebraF_7,0.005322328996582591,0.6666666666666666
21,batch 3,KO44,ZebraF_7,0.820714805157505,0.75
21,batch 3,KO44,ZebraF_7,0.02023057820507146,0.8333333333333333
21,batch 3,KO44,ZebraF_7,0.43437258762405895,0.9166666666666666
22,batch 3,KO44,ZebraF_8,1.164669185059052,0.0
22,batch 3,KO44,ZebraF_8,0.3293269841157619,0.08333333333333333
22,batch 3,KO44,ZebraF_8,0.39321959114028604,0.16666666666666666
22,batch 3,KO44,ZebraF_8,0.6834997139738673,0.25
22,batch 3,KO44,ZebraF_8,0.4258118118400754,0.3333333333333333
22,batch 3,KO44,ZebraF_8,0.2626485202727198,0.41666666666666663
22,batch 3,KO44,ZebraF_8,0.4452761896996404,0.5
22,batch 3,KO44,ZebraF_8,0.3569687944563881,0.5833333333333333
22,batch 3,KO44,ZebraF_8,1.1077713289031235,0.6666666666666666
22,batch 3,KO44,ZebraF_8,2.6901811843010193,0.75
22,batch 3,KO44,ZebraF_8,3.303966882639683,0.8333333333333333
22,batch 3,KO44,ZebraF_8,0.8366598135983829,0.9166666666666666
23,batch 3,KO44,ZebraF_9,0.09198474364867938,0.0
23,batch 3,KO44,ZebraF_9,0.00487182943839714,0.08333333333333333
23,batch 3,KO44,ZebraF_9,0.0035147082585721113,0.16666666666666666
23,batch 3,KO44,ZebraF_9,7.2037670236448745,0.25
23,batch 3,KO44,ZebraF_9,4.267450665014084,0.3333333333333333
23,batch 3,KO44,ZebraF_9,0.020704817996232344,0.41666666666666663
23,batch 3,KO44,ZebraF_9,0.02235149087600594,0.5
23,batch 3,KO44,ZebraF_9,0.034725591567840254,0.5833333333333333
23,batch 3,KO44,ZebraF_9,0.03893509450687217,0.6666666666666666
23,batch 3,KO44,ZebraF_9,0.03422737549569813,0.75
23,batch 3,KO44,ZebraF_9,0.13793148610553604,0.8333333333333333
23,batch 3,KO44,ZebraF_9,0.1395351734472112,0.9166666666666666
24,batch 3,WT,ZebraF_1,18,0.0
24,batch 3,WT,ZebraF_1,2.0623951002418357,0.08333333333333333
24,batch 3,WT,ZebraF_1,1.5836925816646843,0.16666666666666666
24,batch 3,WT,ZebraF_1,1.3380031443367055,0.25
24,batch 3,WT,ZebraF_1,0.46297748802857874,0.3333333333333333
24,batch 3,WT,ZebraF_1,0.29999601788922975,0.41666666666666663
24,batch 3,WT,ZebraF_1,0.5335297070444224,0.5
24,batch 3,WT,ZebraF_1,0.7294138463941533,0.5833333333333333
24,batch 3,WT,ZebraF_1,0.20211020789313375,0.6666666666666666
24,batch 3,WT,ZebraF_1,0.4435119755200627,0.75
24,batch 3,WT,ZebraF_1,0.5817951447441163,0.8333333333333333
24,batch 3,WT,ZebraF_1,0.07764404241578263,0.9166666666666666
25,batch 3,WT,ZebraF_10,15,0.0
25,batch 3,WT,ZebraF_10,2.4256199803603615,0.08333333333333333
25,batch 3,WT,ZebraF_10,2.4208279405223183,0.16666666666666666
25,batch 3,WT,ZebraF_10,1.4819724095047029,0.25
25,batch 3,WT,ZebraF_10,0.858710017149825,0.3333333333333333
25,batch 3,WT,ZebraF_10,0.3383702541192233,0.41666666666666663
25,batch 3,WT,ZebraF_10,0.34221454424121084,0.5
25,batch 3,WT,ZebraF_10,1.748859354992136,0.5833333333333333
25,batch 3,WT,ZebraF_10,0.10906666624972135,0.6666666666666666
25,batch 3,WT,ZebraF_10,0.0,0.75
25,batch 3,WT,ZebraF_10,0.0,0.8333333333333333
25,batch 3,WT,ZebraF_10,0.0,0.9166666666666666
26,batch 3,WT,ZebraF_11,17,0.0
26,batch 3,WT,ZebraF_11,1.0390212133749046,0.08333333333333333
26,batch 3,WT,ZebraF_11,0.7004295036174124,0.16666666666666666
26,batch 3,WT,ZebraF_11,0.5503836317740424,0.25
26,batch 3,WT,ZebraF_11,0.6379716481091535,0.3333333333333333
26,batch 3,WT,ZebraF_11,1.0783889190797704,0.41666666666666663
26,batch 3,WT,ZebraF_11,0.6102852217462789,0.5
26,batch 3,WT,ZebraF_11,0.6394165185738226,0.5833333333333333
26,batch 3,WT,ZebraF_11,1.2772998026931772,0.6666666666666666
26,batch 3,WT,ZebraF_11,1.80510384458157,0.75
26,batch 3,WT,ZebraF_11,0.8781968598836083,0.8333333333333333
26,batch 3,WT,ZebraF_11,0.555388659808446,0.9166666666666666
27,batch 3,WT,ZebraF_12,8,0.0
27,batch 3,WT,ZebraF_12,0.8183164335304659,0.08333333333333333
27,batch 3,WT,ZebraF_12,1.4124925561992667,0.16666666666666666
27,batch 3,WT,ZebraF_12,1.7871406238143606,0.25
27,batch 3,WT,ZebraF_12,1.3681754532094907,0.3333333333333333
27,batch 3,WT,ZebraF_12,1.533591824947088,0.41666666666666663
27,batch 3,WT,ZebraF_12,1.552635065351782,0.5
27,batch 3,WT,ZebraF_12,1.184837854390866,0.5833333333333333
27,batch 3,WT,ZebraF_12,0.8342376538206856,0.6666666666666666
27,batch 3,WT,ZebraF_12,0.45833346300140865,0.75
27,batch 3,WT,ZebraF_12,0.2636634787597628,0.8333333333333333
27,batch 3,WT,ZebraF_12,0.37193182166598765,0.9166666666666666
28,batch 3,WT,ZebraF_2,21,0.0
28,batch 3,WT,ZebraF_2,1.5347172949992578,0.08333333333333333
28,batch 3,WT,ZebraF_2,0.951351933437042,0.16666666666666666
28,batch 3,WT,ZebraF_2,0.6830340450682826,0.25
28,batch 3,WT,ZebraF_2,0.34991725223443865,0.3333333333333333
28,batch 3,WT,ZebraF_2,0.2680283716813406,0.41666666666666663
28,batch 3,WT,ZebraF_2,0.08038677759453818,0.5
28,batch 3,WT,ZebraF_2,0.05280206998283016,0.5833333333333333
28,batch 3,WT,ZebraF_2,0.0,0.6666666666666666
28,batch 3,WT,ZebraF_2,0.011232045346246214,0.75
28,batch 3,WT,ZebraF_2,0.013423555412509704,0.8333333333333333
28,batch 3,WT,ZebraF_2,0.0,0.9166666666666666
29,batch 3,WT,ZebraF_3,18,0.0
29,batch 3,WT,ZebraF_3,1.6968273042453055,0.08333333333333333
29,batch 3,WT,ZebraF_3,0.5651690470095537,0.16666666666666666
29,batch 3,WT,ZebraF_3,0.20513263453812164,0.25
29,batch 3,WT,ZebraF_3,0.1142471729702807,0.3333333333333333
29,batch 3,WT,ZebraF_3,0.1106812253444068,0.41666666666666663
29,batch 3,WT,ZebraF_3,0.09778771413897072,0.5
29,batch 3,WT,ZebraF_3,0.18236925792295908,0.5833333333333333
29,batch 3,WT,ZebraF_3,0.4063826879351433,0.6666666666666666
29,batch 3,WT,ZebraF_3,1.0003299739913984,0.75
29,batch 3,WT,ZebraF_3,0.9294848108965492,0.8333333333333333
29,batch 3,WT,ZebraF_3,0.0,0.9166666666666666
30,batch 3,WT,ZebraF_4,18,0.0
30,batch 3,WT,ZebraF_4,1.0154159904896698,0.08333333333333333
30,batch 3,WT,ZebraF_4,1.154316363264467,0.16666666666666666
30,batch 3,WT,ZebraF_4,1.0337397553909362,0.25
30,batch 3,WT,ZebraF_4,0.8361427436052681,0.3333333333333333
30,batch 3,WT,ZebraF_4,0.7319773011905459,0.41666666666666663
30,batch 3,WT,ZebraF_4,1.045783453856392,0.5
30,batch 3,WT,ZebraF_4,1.2697389584180219,0.5833333333333333
30,batch 3,WT,ZebraF_4,0.8420312103309201,0.6666666666666666
30,batch 3,WT,ZebraF_4,0.9326533628092633,0.75
30,batch 3,WT,ZebraF_4,1.0081327705499883,0.8333333333333333
30,batch 3,WT,ZebraF_4,0.5574502405206051,0.9166666666666666
31,batch 3,WT,ZebraF_5,15,0.0
31,batch 3,WT,ZebraF_5,1.2147928811455038,0.08333333333333333
31,batch 3,WT,ZebraF_5,1.2177303194311904,0.16666666666666666
31,batch 3,WT,ZebraF_5,0.9354583617741928,0.25
31,batch 3,WT,ZebraF_5,0.9651886115978328,0.3333333333333333
31,batch 3,WT,ZebraF_5,0.7159713663457483,0.41666666666666663
31,batch 3,WT,ZebraF_5,0.7381994642471857,0.5
31,batch 3,WT,ZebraF_5,0.6745626743833969,0.5833333333333333
31,batch 3,WT,ZebraF_5,0.4479148147083395,0.6666666666666666
31,batch 3,WT,ZebraF_5,0.7504403621689705,0.75
31,batch 3,WT,ZebraF_5,0.5667429692312019,0.8333333333333333
31,batch 3,WT,ZebraF_5,0.0,0.9166666666666666
32,batch 3,WT,ZebraF_6,11,0.0
32,batch 3,WT,ZebraF_6,0.607535640175768,0.08333333333333333
32,batch 3,WT,ZebraF_6,0.5462425345920804,0.16666666666666666
32,batch 3,WT,ZebraF_6,0.4828250745346837,0.25
32,batch 3,WT,ZebraF_6,0.6613833578422401,0.3333333333333333
32,batch 3,WT,ZebraF_6,0.8252628231573892,0.41666666666666663
32,batch 3,WT,ZebraF_6,1.3254781121991712,0.5
32,batch 3,WT,ZebraF_6,1.1766006775203608,0.5833333333333333
32,batch 3,WT,ZebraF_6,1.2922873804709745,0.6666666666666666
32,batch 3,WT,ZebraF_6,1.4793514336668792,0.75
32,batch 3,WT,ZebraF_6,1.1658505794000036,0.8333333333333333
32,batch 3,WT,ZebraF_6,0.1916740595012555,0.9166666666666666
33,batch 3,WT,ZebraF_7,14,0.0
33,batch 3,WT,ZebraF_7,0.6403965507839239,0.08333333333333333
33,batch 3,WT,ZebraF_7,0.46497781741008126,0.16666666666666666
33,batch 3,WT,ZebraF_7,0.4239115431859469,0.25
33,batch 3,WT,ZebraF_7,0.5478801378045762,0.3333333333333333
33,batch 3,WT,ZebraF_7,0.7194187815594052,0.41666666666666663
33,batch 3,WT,ZebraF_7,1.5497002804082216,0.5
33,batch 3,WT,ZebraF_7,0.9806887798793797,0.5833333333333333
33,batch 3,WT,ZebraF_7,0.7136230582375106,0.6666666666666666
33,batch 3,WT,ZebraF_7,0.75488893601351,0.75
33,batch 3,WT,ZebraF_7,2.092933156523536,0.8333333333333333
33,batch 3,WT,ZebraF_7,2.0117545916897446,0.9166666666666666
34,batch 3,WT,ZebraF_8,8,0.0
34,batch 3,WT,ZebraF_8,1.4942269826539558,0.08333333333333333
34,batch 3,WT,ZebraF_8,0.7385791412441084,0.16666666666666666
34,batch 3,WT,ZebraF_8,0.3611187040303503,0.25
34,batch 3,WT,ZebraF_8,0.08123444750407773,0.3333333333333333
34,batch 3,WT,ZebraF_8,0.009957481638079373,0.41666666666666663
34,batch 3,WT,ZebraF_8,0.003799984104670344,0.5
34,batch 3,WT,ZebraF_8,1.5795136456832095,0.5833333333333333
34,batch 3,WT,ZebraF_8,0.0,0.6666666666666666
34,batch 3,WT,ZebraF_8,0.0,0.75
34,batch 3,WT,ZebraF_8,0.0,0.8333333333333333
34,batch 3,WT,ZebraF_8,0.0,0.9166666666666666
35,batch 3,WT,ZebraF_9,12,0.0
35,batch 3,WT,ZebraF_9,1.5626354228171442,0.08333333333333333
35,batch 3,WT,ZebraF_9,1.3737563714462175,0.16666666666666666
35,batch 3,WT,ZebraF_9,0.7163993237300064,0.25
35,batch 3,WT,ZebraF_9,0.48409028698332723,0.3333333333333333
35,batch 3,WT,ZebraF_9,0.3776795997271609,0.41666666666666663
35,batch 3,WT,ZebraF_9,1.135097731935886,0.5
35,batch 3,WT,ZebraF_9,0.9909895557768038,0.5833333333333333
35,batch 3,WT,ZebraF_9,0.8939369704338705,0.6666666666666666
35,batch 3,WT,ZebraF_9,0.06031890334349052,0.75
35,batch 3,WT,ZebraF_9,0.0,0.8333333333333333
35,batch 3,WT,ZebraF_9,0.0,0.9166666666666666
36,batch 44,KO179,ZebraF_1,1.6157561276472343,0.0
36,batch 44,KO179,ZebraF_1,0.612274550892106,0.08333333333333333
36,batch 44,KO179,ZebraF_1,0.5322262991137893,0.16666666666666666
36,batch 44,KO179,ZebraF_1,0.5845539117322505,0.25
36,batch 44,KO179,ZebraF_1,0.7549115577198264,0.3333333333333333
36,batch 44,KO179,ZebraF_1,1.1798396522699788,0.41666666666666663
36,batch 44,KO179,ZebraF_1,1.38099191413512,0.5
36,batch 44,KO179,ZebraF_1,1.3913385055709555,0.5833333333333333
36,batch 44,KO179,ZebraF_1,1.240918109140243,0.6666666666666666
36,batch 44,KO179,ZebraF_1,1.0116131079050588,0.75
36,batch 44,KO179,ZebraF_1,0.6839642276099982,0.8333333333333333
36,batch 44,KO179,ZebraF_1,1.0116120362634393,0.9166666666666666
37,batch 44,KO179,ZebraF_10,0.7759712831166329,0.0
37,batch 44,KO179,ZebraF_10,0.9753365099396536,0.08333333333333333
37,batch 44,KO179,ZebraF_10,0.5067887480165413,0.16666666666666666
37,batch 44,KO179,ZebraF_10,0.09279068265145081,0.25
37,batch 44,KO179,ZebraF_10,0.0010558029868005575,0.3333333333333333
37,batch 44,KO179,ZebraF_10,0.041642909986747724,0.41666666666666663
37,batch 44,KO179,ZebraF_10,0.22411546151490533,0.5
37,batch 44,KO179,ZebraF_10,0.7099308000961564,0.5833333333333333
37,batch 44,KO179,ZebraF_10,0.6047215195048469,0.6666666666666666
37,batch 44,KO179,ZebraF_10,2.5796566409754935,0.75
37,batch 44,KO179,ZebraF_10,2.3449318952186777,0.8333333333333333
37,batch 44,KO179,ZebraF_10,3.1430577459920928,0.9166666666666666
38,batch 44,KO179,ZebraF_11,3.863006263132673,0.0
38,batch 44,KO179,ZebraF_11,1.3993889932812464,0.08333333333333333
38,batch 44,KO179,ZebraF_11,1.0380838621740678,0.16666666666666666
38,batch 44,KO179,ZebraF_11,1.0897963279337068,0.25
38,batch 44,KO179,ZebraF_11,2.1443692060146557,0.3333333333333333
38,batch 44,KO179,ZebraF_11,1.7140857389488842,0.41666666666666663
38,batch 44,KO179,ZebraF_11,0.7512696085147675,0.5
38,batch 44,KO179,ZebraF_11,0.0,0.5833333333333333
38,batch 44,KO179,ZebraF_11,0.0,0.6666666666666666
38,batch 44,KO179,ZebraF_11,0.0,0.75
38,batch 44,KO179,ZebraF_11,0.0,0.8333333333333333
38,batch 44,KO179,ZebraF_11,0.0,0.9166666666666666
39,batch 44,KO179,ZebraF_12,3.41920921286627,0.0
39,batch 44,KO179,ZebraF_12,1.5635099162774175,0.08333333333333333
39,batch 44,KO179,ZebraF_12,1.0621687833253153,0.16666666666666666
39,batch 44,KO179,ZebraF_12,0.6727909757866182,0.25
39,batch 44,KO179,ZebraF_12,0.6860929841635481,0.3333333333333333
39,batch 44,KO179,ZebraF_12,0.7417716112849002,0.41666666666666663
39,batch 44,KO179,ZebraF_12,0.45947506364358015,0.5
39,batch 44,KO179,ZebraF_12,0.5493830934574563,0.5833333333333333
39,batch 44,KO179,ZebraF_12,0.5584662084602855,0.6666666666666666
39,batch 44,KO179,ZebraF_12,1.3924697556704386,0.75
39,batch 44,KO179,ZebraF_12,0.8379817804734669,0.8333333333333333
39,batch 44,KO179,ZebraF_12,0.05668061459070164,0.9166666666666666
40,batch 44,KO179,ZebraF_2,0.3862936702922627,0.0
40,batch 44,KO179,ZebraF_2,0.35056972952904814,0.08333333333333333
40,batch 44,KO179,ZebraF_2,0.5585651396424621,0.16666666666666666
40,batch 44,KO179,ZebraF_2,0.7156576555031083,0.25
40,batch 44,KO179,ZebraF_2,1.1948441704048236,0.3333333333333333
40,batch 44,KO179,ZebraF_2,1.741290136574166,0.41666666666666663
40,batch 44,KO179,ZebraF_2,1.9099485374599627,0.5
40,batch 44,KO179,ZebraF_2,0.9701972324884809,0.5833333333333333
40,batch 44,KO179,ZebraF_2,1.2454752733540067,0.6666666666666666
40,batch 44,KO179,ZebraF_2,1.4426598490436167,0.75
40,batch 44,KO179,ZebraF_2,1.1409866841613703,0.8333333333333333
40,batch 44,KO179,ZebraF_2,0.34351192154669236,0.9166666666666666
41,batch 44,KO179,ZebraF_3,3.696481021146702,0.0
41,batch 44,KO179,ZebraF_3,2.0420634941544398,0.08333333333333333
41,batch 44,KO179,ZebraF_3,1.2584477805826961,0.16666666666666666
41,batch 44,KO179,ZebraF_3,0.46737508009760853,0.25
41,batch 44,KO179,ZebraF_3,0.38325790237013135,0.3333333333333333
41,batch 44,KO179,ZebraF_3,0.16151028325130876,0.41666666666666663
41,batch 44,KO179,ZebraF_3,0.26464819178140375,0.5
41,batch 44,KO179,ZebraF_3,0.3616935660112394,0.5833333333333333
41,batch 44,KO179,ZebraF_3,0.08326560556563924,0.6666666666666666
41,batch 44,KO179,ZebraF_3,0.21555662843973353,0.75
41,batch 44,KO179,ZebraF_3,1.482715899416905,0.8333333333333333
41,batch 44,KO179,ZebraF_3,1.5829845471821926,0.9166666666666666
42,batch 44,KO179,ZebraF_4,2.823613573302599,0.0
42,batch 44,KO179,ZebraF_4,0.23308590439981552,0.08333333333333333
42,batch 44,KO179,ZebraF_4,0.11912266118200783,0.16666666666666666
42,batch 44,KO179,ZebraF_4,0.6586127783203606,0.25
42,batch 44,KO179,ZebraF_4,2.0072542670678604,0.3333333333333333
42,batch 44,KO179,ZebraF_4,0.1649721080503625,0.41666666666666663
42,batch 44,KO179,ZebraF_4,0.9775143623933914,0.5
42,batch 44,KO179,ZebraF_4,4.583846869978559,0.5833333333333333
42,batch 44,KO179,ZebraF_4,0.1976553599389246,0.6666666666666666
42,batch 44,KO179,ZebraF_4,0.03988273981809837,0.75
42,batch 44,KO179,ZebraF_4,0.19443937554802163,0.8333333333333333
42,batch 44,KO179,ZebraF_4,0.0,0.9166666666666666
43,batch 44,KO179,ZebraF_5,3.7436034162289658,0.0
43,batch 44,KO179,ZebraF_5,1.289045122298258,0.08333333333333333
43,batch 44,KO179,ZebraF_5,0.6487419280816741,0.16666666666666666
43,batch 44,KO179,ZebraF_5,0.6897252130541501,0.25
43,batch 44,KO179,ZebraF_5,0.4333460269166931,0.3333333333333333
43,batch 44,KO179,ZebraF_5,0.7829357235657425,0.41666666666666663
43,batch 44,KO179,ZebraF_5,1.0850568267451886,0.5
43,batch 44,KO179,ZebraF_5,0.7703878338478136,0.5833333333333333
43,batch 44,KO179,ZebraF_5,0.7748946294883325,0.6666666666666666
43,batch 44,KO179,ZebraF_5,1.1200708902368193,0.75
43,batch 44,KO179,ZebraF_5,0.48972556681425805,0.8333333333333333
43,batch 44,KO179,ZebraF_5,0.17246682272210245,0.9166666666666666
44,batch 44,KO179,ZebraF_6,2.3462969369198525,0.0
44,batch 44,KO179,ZebraF_6,0.9897463039815841,0.08333333333333333
44,batch 44,KO179,ZebraF_6,2.4197352028153447,0.16666666666666666
44,batch 44,KO179,ZebraF_6,0.8962557696747645,0.25
44,batch 44,KO179,ZebraF_6,3.850127238094991,0.3333333333333333
44,batch 44,KO179,ZebraF_6,1.0635502546954279,0.41666666666666663
44,batch 44,KO179,ZebraF_6,0.3127198793463872,0.5
44,batch 44,KO179,ZebraF_6,0.1215684144716499,0.5833333333333333
44,batch 44,KO179,ZebraF_6,0.0,0.6666666666666666
44,batch 44,KO179,ZebraF_6,0.0,0.75
44,batch 44,KO179,ZebraF_6,0.0,0.8333333333333333
44,batch 44,KO179,ZebraF_6,0.0,0.9166666666666666
45,batch 44,KO179,ZebraF_7,2.6282429956549764,0.0
45,batch 44,KO179,ZebraF_7,1.2143459427097945,0.08333333333333333
45,batch 44,KO179,ZebraF_7,1.057490098695819,0.16666666666666666
45,batch 44,KO179,ZebraF_7,0.8315133220133862,0.25
45,batch 44,KO179,ZebraF_7,0.6100994013213132,0.3333333333333333
45,batch 44,KO179,ZebraF_7,0.5755752451053802,0.41666666666666663
45,batch 44,KO179,ZebraF_7,0.5215502212821842,0.5
45,batch 44,KO179,ZebraF_7,0.6653469734057759,0.5833333333333333
45,batch 44,KO179,ZebraF_7,1.120644921453926,0.6666666666666666
45,batch 44,KO179,ZebraF_7,0.7992828947524921,0.75
45,batch 44,KO179,ZebraF_7,1.1065952822510483,0.8333333333333333
45,batch 44,KO179,ZebraF_7,0.8693127013539036,0.9166666666666666
46,batch 44,KO179,ZebraF_8,0.09053413135240408,0.0
46,batch 44,KO179,ZebraF_8,0.04423070228890446,0.08333333333333333
46,batch 44,KO179,ZebraF_8,0.20090813767603516,0.16666666666666666
46,batch 44,KO179,ZebraF_8,0.056356095411456135,0.25
46,batch 44,KO179,ZebraF_8,0.36980341751408113,0.3333333333333333
46,batch 44,KO179,ZebraF_8,0.39376338555044416,0.41666666666666663
46,batch 44,KO179,ZebraF_8,4.279444361286053,0.5
46,batch 44,KO179,ZebraF_8,0.24485731411761844,0.5833333333333333
46,batch 44,KO179,ZebraF_8,0.33566879271120215,0.6666666666666666
46,batch 44,KO179,ZebraF_8,0.3982847907475313,0.75
46,batch 44,KO179,ZebraF_8,0.8267156335739697,0.8333333333333333
46,batch 44,KO179,ZebraF_8,4.759433237770303,0.9166666666666666
47,batch 44,KO179,ZebraF_9,8.709350875188063,0.0
47,batch 44,KO179,ZebraF_9,0.7120873825900593,0.08333333333333333
47,batch 44,KO179,ZebraF_9,0.337833544785043,0.16666666666666666
47,batch 44,KO179,ZebraF_9,0.5306999913968325,0.25
47,batch 44,KO179,ZebraF_9,0.3621583094288219,0.3333333333333333
47,batch 44,KO179,ZebraF_9,0.30036001126273293,0.41666666666666663
47,batch 44,KO179,ZebraF_9,0.1877137443370307,0.5
47,batch 44,KO179,ZebraF_9,0.2372986908497976,0.5833333333333333
47,batch 44,KO179,ZebraF_9,0.622497450161621,0.6666666666666666
47,batch 44,KO179,ZebraF_9,0.0,0.75
47,batch 44,KO179,ZebraF_9,0.0,0.8333333333333333
47,batch 44,KO179,ZebraF_9,0.0,0.9166666666666666
48,batch 44,KO44,ZebraF_1,0.4361789800993145,0.0
48,batch 44,KO44,ZebraF_1,0.3173016537906168,0.08333333333333333
48,batch 44,KO44,ZebraF_1,0.3436623894407016,0.16666666666666666
48,batch 44,KO44,ZebraF_1,2.3845308917065378,0.25
48,batch 44,KO44,ZebraF_1,0.7367593575913566,0.3333333333333333
48,batch 44,KO44,ZebraF_1,0.611871795100654,0.41666666666666663
48,batch 44,KO44,ZebraF_1,1.0045393899581,0.5
48,batch 44,KO44,ZebraF_1,0.8501013347439056,0.5833333333333333
48,batch 44,KO44,ZebraF_1,1.6725734323197796,0.6666666666666666
48,batch 44,KO44,ZebraF_1,1.1414429240516129,0.75
48,batch 44,KO44,ZebraF_1,0.6549336690403399,0.8333333333333333
48,batch 44,KO44,ZebraF_1,1.8461041821570818,0.9166666666666666
50,batch 44,KO44,ZebraF_11,0.6165199963619342,0.0
50,batch 44,KO44,ZebraF_11,0.030410655209485965,0.08333333333333333
50,batch 44,KO44,ZebraF_11,1.9214564991721144,0.16666666666666666
50,batch 44,KO44,ZebraF_11,0.3526799743210197,0.25
50,batch 44,KO44,ZebraF_11,1.2139146646498629,0.3333333333333333
50,batch 44,KO44,ZebraF_11,0.014366009364141607,0.41666666666666663
50,batch 44,KO44,ZebraF_11,0.013086000688307446,0.5
50,batch 44,KO44,ZebraF_11,0.094730732657332,0.5833333333333333
50,batch 44,KO44,ZebraF_11,7.021439621192069,0.6666666666666666
50,batch 44,KO44,ZebraF_11,0.23214845912499607,0.75
50,batch 44,KO44,ZebraF_11,0.1782491874288956,0.8333333333333333
50,batch 44,KO44,ZebraF_11,0.3109981998298384,0.9166666666666666
51,batch 44,KO44,ZebraF_12,1.9592053335692967,0.0
51,batch 44,KO44,ZebraF_12,0.5655112042349963,0.08333333333333333
51,batch 44,KO44,ZebraF_12,0.23769650454345018,0.16666666666666666
51,batch 44,KO44,ZebraF_12,0.1560892400777819,0.25
51,batch 44,KO44,ZebraF_12,0.26558355985417254,0.3333333333333333
51,batch 44,KO44,ZebraF_12,0.14478137239554206,0.41666666666666663
51,batch 44,KO44,ZebraF_12,0.353080320152355,0.5
51,batch 44,KO44,ZebraF_12,4.856789764467491,0.5833333333333333
51,batch 44,KO44,ZebraF_12,1.733096115127396,0.6666666666666666
51,batch 44,KO44,ZebraF_12,0.6672263724473884,0.75
51,batch 44,KO44,ZebraF_12,0.3225559834732636,0.8333333333333333
51,batch 44,KO44,ZebraF_12,0.7383842296568632,0.9166666666666666
52,batch 44,KO44,ZebraF_2,3.110374433143641,0.0
52,batch 44,KO44,ZebraF_2,0.06803033444085767,0.08333333333333333
52,batch 44,KO44,ZebraF_2,0.27212446346826763,0.16666666666666666
52,batch 44,KO44,ZebraF_2,0.721271315115326,0.25
52,batch 44,KO44,ZebraF_2,0.898930288171152,0.3333333333333333
52,batch 44,KO44,ZebraF_2,1.2850131872892814,0.41666666666666663
52,batch 44,KO44,ZebraF_2,1.4277677194309832,0.5
52,batch 44,KO44,ZebraF_2,1.7071886789025454,0.5833333333333333
52,batch 44,KO44,ZebraF_2,2.1603941412667504,0.6666666666666666
52,batch 44,KO44,ZebraF_2,0.34890543877119745,0.75
52,batch 44,KO44,ZebraF_2,0.0,0.8333333333333333
52,batch 44,KO44,ZebraF_2,0.0,0.9166666666666666
53,batch 44,KO44,ZebraF_3,4.444265258957676,0.0
53,batch 44,KO44,ZebraF_3,0.046651484032256704,0.08333333333333333
53,batch 44,KO44,ZebraF_3,0.18549013983279164,0.16666666666666666
53,batch 44,KO44,ZebraF_3,0.26232985668267217,0.25
53,batch 44,KO44,ZebraF_3,0.43963077828626035,0.3333333333333333
53,batch 44,KO44,ZebraF_3,0.7286603683787507,0.41666666666666663
53,batch 44,KO44,ZebraF_3,1.0062261974538746,0.5
53,batch 44,KO44,ZebraF_3,1.5151440752193885,0.5833333333333333
53,batch 44,KO44,ZebraF_3,1.5727097383420032,0.6666666666666666
53,batch 44,KO44,ZebraF_3,1.5404017122363234,0.75
53,batch 44,KO44,ZebraF_3,0.2584903905780024,0.8333333333333333
53,batch 44,KO44,ZebraF_3,0.0,0.9166666666666666
54,batch 44,KO44,ZebraF_4,1.1191263512609277,0.0
54,batch 44,KO44,ZebraF_4,0.0381591206115369,0.08333333333333333
54,batch 44,KO44,ZebraF_4,0.8528404752644205,0.16666666666666666
54,batch 44,KO44,ZebraF_4,0.4971502642868082,0.25
54,batch 44,KO44,ZebraF_4,0.8774562308752064,0.3333333333333333
54,batch 44,KO44,ZebraF_4,1.0570822763218555,0.41666666666666663
54,batch 44,KO44,ZebraF_4,1.5193685073310075,0.5
54,batch 44,KO44,ZebraF_4,0.711832845374667,0.5833333333333333
54,batch 44,KO44,ZebraF_4,1.0042335886875269,0.6666666666666666
54,batch 44,KO44,ZebraF_4,0.6754265308068623,0.75
54,batch 44,KO44,ZebraF_4,3.6473238091791798,0.8333333333333333
54,batch 44,KO44,ZebraF_4,0.0,0.9166666666666666
55,batch 44,KO44,ZebraF_5,4.277848048637799,0.0
55,batch 44,KO44,ZebraF_5,2.3106101560981678,0.08333333333333333
55,batch 44,KO44,ZebraF_5,0.33501426622905683,0.16666666666666666
55,batch 44,KO44,ZebraF_5,0.2155421482034844,0.25
55,batch 44,KO44,ZebraF_5,0.2627882426534344,0.3333333333333333
55,batch 44,KO44,ZebraF_5,2.0516126262098107,0.41666666666666663
55,batch 44,KO44,ZebraF_5,1.3159120671478182,0.5
55,batch 44,KO44,ZebraF_5,0.7099506718990175,0.5833333333333333
55,batch 44,KO44,ZebraF_5,0.2855167031849425,0.6666666666666666
55,batch 44,KO44,ZebraF_5,0.23520506973647,0.75
55,batch 44,KO44,ZebraF_5,0.0,0.8333333333333333
55,batch 44,KO44,ZebraF_5,0.0,0.9166666666666666
56,batch 44,KO44,ZebraF_6,3.8052123860879092,0.0
56,batch 44,KO44,ZebraF_6,0.8081785948686357,0.08333333333333333
56,batch 44,KO44,ZebraF_6,0.5025548036234876,0.16666666666666666
56,batch 44,KO44,ZebraF_6,0.594337381634516,0.25
56,batch 44,KO44,ZebraF_6,0.7829521910940652,0.3333333333333333
56,batch 44,KO44,ZebraF_6,0.15876449874976978,0.41666666666666663
56,batch 44,KO44,ZebraF_6,0.3529027850424746,0.5
56,batch 44,KO44,ZebraF_6,0.4215785844610925,0.5833333333333333
56,batch 44,KO44,ZebraF_6,0.6981838440864132,0.6666666666666666
56,batch 44,KO44,ZebraF_6,1.450776294788947,0.75
56,batch 44,KO44,ZebraF_6,1.0954046955897123,0.8333333333333333
56,batch 44,KO44,ZebraF_6,1.3291539399729757,0.9166666666666666
57,batch 44,KO44,ZebraF_7,9.655578846861449,0.0
57,batch 44,KO44,ZebraF_7,0.025564677646389356,0.08333333333333333
57,batch 44,KO44,ZebraF_7,0.10314003266568277,0.16666666666666666
57,batch 44,KO44,ZebraF_7,0.019659054084158366,0.25
57,batch 44,KO44,ZebraF_7,0.8108988462766342,0.3333333333333333
57,batch 44,KO44,ZebraF_7,0.06284017582715017,0.41666666666666663
57,batch 44,KO44,ZebraF_7,0.0,0.5
57,batch 44,KO44,ZebraF_7,0.004954584094884418,0.5833333333333333
57,batch 44,KO44,ZebraF_7,0.005317032246226668,0.6666666666666666
57,batch 44,KO44,ZebraF_7,0.8113033993967903,0.75
57,batch 44,KO44,ZebraF_7,0.020218946694466652,0.8333333333333333
57,batch 44,KO44,ZebraF_7,0.48052440420616876,0.9166666666666666
58,batch 44,KO44,ZebraF_8,1.1645254294910659,0.0
58,batch 44,KO44,ZebraF_8,0.32946284867544084,0.08333333333333333
58,batch 44,KO44,ZebraF_8,0.39424357507520585,0.16666666666666666
58,batch 44,KO44,ZebraF_8,0.68258394610806,0.25
58,batch 44,KO44,ZebraF_8,0.42575613864045686,0.3333333333333333
58,batch 44,KO44,ZebraF_8,0.26255777677324194,0.41666666666666663
58,batch 44,KO44,ZebraF_8,0.4598571377636883,0.5
58,batch 44,KO44,ZebraF_8,0.3410305058159212,0.5833333333333333
58,batch 44,KO44,ZebraF_8,1.113938540522665,0.6666666666666666
58,batch 44,KO44,ZebraF_8,2.682107725101349,0.75
58,batch 44,KO44,ZebraF_8,3.3072221596851175,0.8333333333333333
58,batch 44,KO44,ZebraF_8,0.8367142163477861,0.9166666666666666
59,batch 44,KO44,ZebraF_9,0.0,0.0
59,batch 44,KO44,ZebraF_9,0.0,0.08333333333333333
59,batch 44,KO44,ZebraF_9,0.0,0.16666666666666666
59,batch 44,KO44,ZebraF_9,4.859022104231467,0.25
59,batch 44,KO44,ZebraF_9,6.584908238755578,0.3333333333333333
59,batch 44,KO44,ZebraF_9,0.0,0.41666666666666663
59,batch 44,KO44,ZebraF_9,0.0,0.5
59,batch 44,KO44,ZebraF_9,0.0,0.5833333333333333
59,batch 44,KO44,ZebraF_9,0.0,0.6666666666666666
59,batch 44,KO44,ZebraF_9,0.0,0.75
59,batch 44,KO44,ZebraF_9,0.0,0.8333333333333333
59,batch 44,KO44,ZebraF_9,0.556069657012955,0.9166666666666666
60,batch 44,WT,ZebraF_1,9,0.0
60,batch 44,WT,ZebraF_1,2.0550317158837785,0.08333333333333333
60,batch 44,WT,ZebraF_1,1.5807785026879366,0.16666666666666666
60,batch 44,WT,ZebraF_1,1.3393340013772743,0.25
60,batch 44,WT,ZebraF_1,0.45615257319495855,0.3333333333333333
60,batch 44,WT,ZebraF_1,0.2967022656601818,0.41666666666666663
60,batch 44,WT,ZebraF_1,0.5400154767442226,0.5
60,batch 44,WT,ZebraF_1,0.7218304612642846,0.5833333333333333
60,batch 44,WT,ZebraF_1,0.2129587504927633,0.6666666666666666
60,batch 44,WT,ZebraF_1,0.43765466465505043,0.75
60,batch 44,WT,ZebraF_1,0.5630524919724507,0.8333333333333333
60,batch 44,WT,ZebraF_1,0.09690743984534413,0.9166666666666666
61,batch 44,WT,ZebraF_10,18,0.0
61,batch 44,WT,ZebraF_10,2.4244551516354336,0.08333333333333333
61,batch 44,WT,ZebraF_10,2.3838631697725132,0.16666666666666666
61,batch 44,WT,ZebraF_10,1.5166415938323574,0.25
61,batch 44,WT,ZebraF_10,0.8492108664912923,0.3333333333333333
61,batch 44,WT,ZebraF_10,0.3381325302357037,0.41666666666666663
61,batch 44,WT,ZebraF_10,0.33139114551590854,0.5
61,batch 44,WT,ZebraF_10,1.761606725138371,0.5833333333333333
61,batch 44,WT,ZebraF_10,0.10908047612579748,0.6666666666666666
61,batch 44,WT,ZebraF_10,0.0,0.75
61,batch 44,WT,ZebraF_10,0.0,0.8333333333333333
61,batch 44,WT,ZebraF_10,0.0,0.9166666666666666
62,batch 44,WT,ZebraF_11,18,0.0
62,batch 44,WT,ZebraF_11,1.0416541377799555,0.08333333333333333
62,batch 44,WT,ZebraF_11,0.6975609884534469,0.16666666666666666
62,batch 44,WT,ZebraF_11,0.551916228375384,0.25
62,batch 44,WT,ZebraF_11,0.6399102096330987,0.3333333333333333
62,batch 44,WT,ZebraF_11,1.0786992059322573,0.41666666666666663
62,batch 44,WT,ZebraF_11,0.6100522807425965,0.5
62,batch 44,WT,ZebraF_11,0.638916936787948,0.5833333333333333
62,batch 44,WT,ZebraF_11,1.2730475872304106,0.6666666666666666
62,batch 44,WT,ZebraF_11,1.7949006990205645,0.75
62,batch 44,WT,ZebraF_11,0.8929234401327021,0.8333333333333333
62,batch 44,WT,ZebraF_11,0.5548947659163519,0.9166666666666666
63,batch 44,WT,ZebraF_12,20,0.0
63,batch 44,WT,ZebraF_12,0.8114314708220031,0.08333333333333333
63,batch 44,WT,ZebraF_12,1.4126811370042758,0.16666666666666666
63,batch 44,WT,ZebraF_12,1.780506630318009,0.25
63,batch 44,WT,ZebraF_12,1.3664213537085923,0.3333333333333333
63,batch 44,WT,ZebraF_12,1.5243373281074004,0.41666666666666663
63,batch 44,WT,ZebraF_12,1.5620000050868008,0.5
63,batch 44,WT,ZebraF_12,1.1845651902410257,0.5833333333333333
63,batch 44,WT,ZebraF_12,0.8340901558340171,0.6666666666666666
63,batch 44,WT,ZebraF_12,0.45391527687723277,0.75
63,batch 44,WT,ZebraF_12,0.27124573657930984,0.8333333333333333
63,batch 44,WT,ZebraF_12,0.37216462879798895,0.9166666666666666
64,batch 44,WT,ZebraF_2,16,0.0
64,batch 44,WT,ZebraF_2,1.527290091142167,0.08333333333333333
64,batch 44,WT,ZebraF_2,0.9536717415600195,0.16666666666666666
64,batch 44,WT,ZebraF_2,0.6720939775323624,0.25
64,batch 44,WT,ZebraF_2,0.35573756347746954,0.3333333333333333
64,batch 44,WT,ZebraF_2,0.2644062032022553,0.41666666666666663
64,batch 44,WT,ZebraF_2,0.08037217023372922,0.5
64,batch 44,WT,ZebraF_2,0.05814774714506306,0.5833333333333333
64,batch 44,WT,ZebraF_2,0.0,0.6666666666666666
64,batch 44,WT,ZebraF_2,0.022459595635223765,0.75
64,batch 44,WT,ZebraF_2,0.0,0.8333333333333333
64,batch 44,WT,ZebraF_2,0.0,0.9166666666666666
65,batch 44,WT,ZebraF_3,22,0.0
65,batch 44,WT,ZebraF_3,1.6205116978807688,0.08333333333333333
65,batch 44,WT,ZebraF_3,0.5460938815429279,0.16666666666666666
65,batch 44,WT,ZebraF_3,0.19400161894520934,0.25
65,batch 44,WT,ZebraF_3,0.11818012290439675,0.3333333333333333
65,batch 44,WT,ZebraF_3,0.09083980777781851,0.41666666666666663
65,batch 44,WT,ZebraF_3,0.08313127425782672,0.5
65,batch 44,WT,ZebraF_3,0.18371409944999054,0.5833333333333333
65,batch 44,WT,ZebraF_3,0.39163420359926776,0.6666666666666666
65,batch 44,WT,ZebraF_3,0.9825950835062286,0.75
65,batch 44,WT,ZebraF_3,0.9297852481589495,0.8333333333333333
65,batch 44,WT,ZebraF_3,0.0,0.9166666666666666
66,batch 44,WT,ZebraF_4,11,0.0
66,batch 44,WT,ZebraF_4,1.0024582360310434,0.08333333333333333
66,batch 44,WT,ZebraF_4,1.1479068182562888,0.16666666666666666
66,batch 44,WT,ZebraF_4,1.0428320158821573,0.25
66,batch 44,WT,ZebraF_4,0.8275709726255125,0.3333333333333333
66,batch 44,WT,ZebraF_4,0.7194644780614047,0.41666666666666663
66,batch 44,WT,ZebraF_4,1.0536409628124221,0.5
66,batch 44,WT,ZebraF_4,1.2496811407496058,0.5833333333333333
66,batch 44,WT,ZebraF_4,0.8672264407645661,0.6666666666666666
66,batch 44,WT,ZebraF_4,0.9213184700157709,0.75
66,batch 44,WT,ZebraF_4,1.0098314503451498,0.8333333333333333
66,batch 44,WT,ZebraF_4,0.555903366841321,0.9166666666666666
67,batch 44,WT,ZebraF_5,18,0.0
67,batch 44,WT,ZebraF_5,1.1937905298719766,0.08333333333333333
67,batch 44,WT,ZebraF_5,1.2030087196143946,0.16666666666666666
67,batch 44,WT,ZebraF_5,0.9353284763546303,0.25
67,batch 44,WT,ZebraF_5,0.9674086000391178,0.3333333333333333
67,batch 44,WT,ZebraF_5,0.7137426075656623,0.41666666666666663
67,batch 44,WT,ZebraF_5,0.7378569284719805,0.5
67,batch 44,WT,ZebraF_5,0.6750300294234622,0.5833333333333333
67,batch 44,WT,ZebraF_5,0.48737093696554706,0.6666666666666666
67,batch 44,WT,ZebraF_5,0.7074071859942489,0.75
67,batch 44,WT,ZebraF_5,0.5683266144761344,0.8333333333333333
67,batch 44,WT,ZebraF_5,0.0,0.9166666666666666
68,batch 44,WT,ZebraF_6,14,0.0
68,batch 44,WT,ZebraF_6,0.6060126044098124,0.08333333333333333
68,batch 44,WT,ZebraF_6,0.5548771337530491,0.16666666666666666
68,batch 44,WT,ZebraF_6,0.46016077242356895,0.25
68,batch 44,WT,ZebraF_6,0.6798729949446082,0.3333333333333333
68,batch 44,WT,ZebraF_6,0.8203462417585788,0.41666666666666663
68,batch 44,WT,ZebraF_6,1.3202083781057135,0.5
68,batch 44,WT,ZebraF_6,1.172176606971892,0.5833333333333333
68,batch 44,WT,ZebraF_6,1.31620878888789,0.6666666666666666
68,batch 44,WT,ZebraF_6,1.4465786124630524,0.75
68,batch 44,WT,ZebraF_6,1.1730016619141503,0.8333333333333333
68,batch 44,WT,ZebraF_6,0.19284650703392192,0.9166666666666666
69,batch 44,WT,ZebraF_7,16,0.0
69,batch 44,WT,ZebraF_7,0.641765716629508,0.08333333333333333
69,batch 44,WT,ZebraF_7,0.4620152274878236,0.16666666666666666
69,batch 44,WT,ZebraF_7,0.4254369034518103,0.25
69,batch 44,WT,ZebraF_7,0.5438448288599295,0.3333333333333333
69,batch 44,WT,ZebraF_7,0.7261884501784819,0.41666666666666663
69,batch 44,WT,ZebraF_7,1.5428501689184158,0.5
69,batch 44,WT,ZebraF_7,0.9854420538149089,0.5833333333333333
69,batch 44,WT,ZebraF_7,0.7138285377152789,0.6666666666666666
69,batch 44,WT,ZebraF_7,0.7552043902495141,0.75
69,batch 44,WT,ZebraF_7,2.092382473893171,0.8333333333333333
69,batch 44,WT,ZebraF_7,2.0087753685484735,0.9166666666666666
70,batch 44,WT,ZebraF_8,20,0.0
70,batch 44,WT,ZebraF_8,1.4799856646651797,0.08333333333333333
70,batch 44,WT,ZebraF_8,0.7491059597748407,0.16666666666666666
70,batch 44,WT,ZebraF_8,0.34335126982653336,0.25
70,batch 44,WT,ZebraF_8,0.08124636782359043,0.3333333333333333
70,batch 44,WT,ZebraF_8,0.009958854149684275,0.41666666666666663
70,batch 44,WT,ZebraF_8,0.0038004325545818052,0.5
70,batch 44,WT,ZebraF_8,1.5793655549514227,0.5833333333333333
70,batch 44,WT,ZebraF_8,0.0,0.6666666666666666
70,batch 44,WT,ZebraF_8,0.0,0.75
70,batch 44,WT,ZebraF_8,0.0,0.8333333333333333
70,batch 44,WT,ZebraF_8,0.0,0.9166666666666666
71,batch 44,WT,ZebraF_9,7,0.0
71,batch 44,WT,ZebraF_9,1.5627052829511574,0.08333333333333333
71,batch 44,WT,ZebraF_9,1.371095984284937,0.16666666666666666
71,batch 44,WT,ZebraF_9,0.7214305691474322,0.25
71,batch 44,WT,ZebraF_9,0.4716732761151727,0.3333333333333333
71,batch 44,WT,ZebraF_9,0.3747984400902976,0.41666666666666663
71,batch 44,WT,ZebraF_9,1.14636504647283,0.5
71,batch 44,WT,ZebraF_9,0.9935725340330861,0.5833333333333333
71,batch 44,WT,ZebraF_9,0.8749195826044791,0.6666666666666666
71,batch 44,WT,ZebraF_9,0.06039798222785578,0.75
71,batch 44,WT,ZebraF_9,0.0,0.8333333333333333
71,batch 44,WT,ZebraF_9,0.0,0.9166666666666666
72,batch 70,KO179,ZebraF_1,1.575083166665887,0.0
72,batch 70,KO179,ZebraF_1,0.6046326785194995,0.08333333333333333
72,batch 70,KO179,ZebraF_1,0.5269356519633884,0.16666666666666666
72,batch 70,KO179,ZebraF_1,0.5772580239938868,0.25
72,batch 70,KO179,ZebraF_1,0.750565452259273,0.3333333333333333
72,batch 70,KO179,ZebraF_1,1.1688309799553578,0.41666666666666663
72,batch 70,KO179,ZebraF_1,1.3637555878170562,0.5
72,batch 70,KO179,ZebraF_1,1.3767384396736688,0.5833333333333333
72,batch 70,KO179,ZebraF_1,1.2325778470708775,0.6666666666666666
72,batch 70,KO179,ZebraF_1,1.003700682668386,0.75
72,batch 70,KO179,ZebraF_1,0.6972790180097814,0.8333333333333333
72,batch 70,KO179,ZebraF_1,1.122642471402937,0.9166666666666666
73,batch 70,KO179,ZebraF_10,0.7779100325464507,0.0
73,batch 70,KO179,ZebraF_10,0.9745935372543568,0.08333333333333333
73,batch 70,KO179,ZebraF_10,0.5067874771095234,0.16666666666666666
73,batch 70,KO179,ZebraF_10,0.09370544606670496,0.25
73,batch 70,KO179,ZebraF_10,0.0010558003390949196,0.3333333333333333
73,batch 70,KO179,ZebraF_10,0.04164280555612105,0.41666666666666663
73,batch 70,KO179,ZebraF_10,0.22411489948602453,0.5
73,batch 70,KO179,ZebraF_10,0.7099290197566371,0.5833333333333333
73,batch 70,KO179,ZebraF_10,0.6047200030054652,0.6666666666666666
73,batch 70,KO179,ZebraF_10,2.5747704037139227,0.75
73,batch 70,KO179,ZebraF_10,2.347720711223399,0.8333333333333333
73,batch 70,KO179,ZebraF_10,3.143049863942299,0.9166666666666666
74,batch 70,KO179,ZebraF_11,3.8611856316987883,0.0
74,batch 70,KO179,ZebraF_11,1.3993153348206093,0.08333333333333333
74,batch 70,KO179,ZebraF_11,1.0401468676266232,0.16666666666666666
74,batch 70,KO179,ZebraF_11,1.089764068100041,0.25
74,batch 70,KO179,ZebraF_11,2.1443057290216325,0.3333333333333333
74,batch 70,KO179,ZebraF_11,1.7140349990818005,0.41666666666666663
74,batch 70,KO179,ZebraF_11,0.7512473696505065,0.5
74,batch 70,KO179,ZebraF_11,0.0,0.5833333333333333
74,batch 70,KO179,ZebraF_11,0.0,0.6666666666666666
74,batch 70,KO179,ZebraF_11,0.0,0.75
74,batch 70,KO179,ZebraF_11,0.0,0.8333333333333333
74,batch 70,KO179,ZebraF_11,0.0,0.9166666666666666
75,batch 70,KO179,ZebraF_12,3.4004417277861783,0.0
75,batch 70,KO179,ZebraF_12,1.5642324788646853,0.08333333333333333
75,batch 70,KO179,ZebraF_12,1.0623329198393043,0.16666666666666666
75,batch 70,KO179,ZebraF_12,0.6717878014295443,0.25
75,batch 70,KO179,ZebraF_12,0.6850699756615741,0.3333333333333333
75,batch 70,KO179,ZebraF_12,0.7406655823902999,0.41666666666666663
75,batch 70,KO179,ZebraF_12,0.4588150035632387,0.5
75,batch 70,KO179,ZebraF_12,0.5526459782584646,0.5833333333333333
75,batch 70,KO179,ZebraF_12,0.5683676695024444,0.6666666666666666
75,batch 70,KO179,ZebraF_12,1.3903934942427993,0.75
75,batch 70,KO179,ZebraF_12,0.848651268290765,0.8333333333333333
75,batch 70,KO179,ZebraF_12,0.05659610017070054,0.9166666666666666
76,batch 70,KO179,ZebraF_2,0.38579635881643526,0.0
76,batch 70,KO179,ZebraF_2,0.350578649401982,0.08333333333333333
76,batch 70,KO179,ZebraF_2,0.5585793517368081,0.16666666666666666
76,batch 70,KO179,ZebraF_2,0.715675864649003,0.25
76,batch 70,KO179,ZebraF_2,1.194874571940604,0.3333333333333333
76,batch 70,KO179,ZebraF_2,1.7394409431739266,0.41666666666666663
76,batch 70,KO179,ZebraF_2,1.9121042916866333,0.5
76,batch 70,KO179,ZebraF_2,0.9702100722732474,0.5833333333333333
76,batch 70,KO179,ZebraF_2,1.2455069631442104,0.6666666666666666
76,batch 70,KO179,ZebraF_2,1.4426965559850788,0.75
76,batch 70,KO179,ZebraF_2,1.1410157153508447,0.8333333333333333
76,batch 70,KO179,ZebraF_2,0.34352066184122826,0.9166666666666666
77,batch 70,KO179,ZebraF_3,3.6704683611782944,0.0
77,batch 70,KO179,ZebraF_3,1.8556514317710067,0.08333333333333333
77,batch 70,KO179,ZebraF_3,1.2489266445140748,0.16666666666666666
77,batch 70,KO179,ZebraF_3,0.4657449903836618,0.25
77,batch 70,KO179,ZebraF_3,0.560714263302957,0.3333333333333333
77,batch 70,KO179,ZebraF_3,0.2314004656798064,0.41666666666666663
77,batch 70,KO179,ZebraF_3,0.26265455949280575,0.5
77,batch 70,KO179,ZebraF_3,0.35896887718217774,0.5833333333333333
77,batch 70,KO179,ZebraF_3,0.08774025124582342,0.6666666666666666
77,batch 70,KO179,ZebraF_3,0.21393280984650567,0.75
77,batch 70,KO179,ZebraF_3,1.4727376448798446,0.8333333333333333
77,batch 70,KO179,ZebraF_3,1.5710597005230442,0.9166666666666666
78,batch 70,KO179,ZebraF_4,2.8268625321009853,0.0
78,batch 70,KO179,ZebraF_4,0.2331022364594004,0.08333333333333333
78,batch 70,KO179,ZebraF_4,0.1191310079690233,0.16666666666666666
78,batch 70,KO179,ZebraF_4,0.654766988979544,0.25
78,batch 70,KO179,ZebraF_4,2.007394913051478,0.3333333333333333
78,batch 70,KO179,ZebraF_4,0.1649836674550612,0.41666666666666663
78,batch 70,KO179,ZebraF_4,0.9775828556935452,0.5
78,batch 70,KO179,ZebraF_4,4.584168054824125,0.5833333333333333
78,batch 70,KO179,ZebraF_4,0.19766920942126076,0.6666666666666666
78,batch 70,KO179,ZebraF_4,0.0398855343555235,0.75
78,batch 70,KO179,ZebraF_4,0.1944529996900532,0.8333333333333333
78,batch 70,KO179,ZebraF_4,0.0,0.9166666666666666
79,batch 70,KO179,ZebraF_5,3.7401904755624877,0.0
79,batch 70,KO179,ZebraF_5,1.290636592824799,0.08333333333333333
79,batch 70,KO179,ZebraF_5,0.6504639446285806,0.16666666666666666
79,batch 70,KO179,ZebraF_5,0.6897580898622566,0.25
79,batch 70,KO179,ZebraF_5,0.43336668301842896,0.3333333333333333
79,batch 70,KO179,ZebraF_5,0.7829730433955184,0.41666666666666663
79,batch 70,KO179,ZebraF_5,1.085058341726864,0.5
79,batch 70,KO179,ZebraF_5,0.770424555563218,0.5833333333333333
79,batch 70,KO179,ZebraF_5,0.7747800393371623,0.6666666666666666
79,batch 70,KO179,ZebraF_5,1.1201242801303986,0.75
79,batch 70,KO179,ZebraF_5,0.4897489103330685,0.8333333333333333
79,batch 70,KO179,ZebraF_5,0.17247504361721844,0.9166666666666666
80,batch 70,KO179,ZebraF_6,2.338931588714857,0.0
80,batch 70,KO179,ZebraF_6,0.9858450252969467,0.08333333333333333
80,batch 70,KO179,ZebraF_6,2.4148414306522374,0.16666666666666666
80,batch 70,KO179,ZebraF_6,0.8966572426214201,0.25
80,batch 70,KO179,ZebraF_6,3.842340582150039,0.3333333333333333
80,batch 70,KO179,ZebraF_6,1.0613992868438882,0.41666666666666663
80,batch 70,KO179,ZebraF_6,0.31208742177887516,0.5
80,batch 70,KO179,ZebraF_6,0.12132254950181258,0.5833333333333333
80,batch 70,KO179,ZebraF_6,0.0,0.6666666666666666
80,batch 70,KO179,ZebraF_6,0.0,0.75
80,batch 70,KO179,ZebraF_6,0.0,0.8333333333333333
80,batch 70,KO179,ZebraF_6,0.026574872439925238,0.9166666666666666
81,batch 70,KO179,ZebraF_7,2.516336195391426,0.0
81,batch 70,KO179,ZebraF_7,1.1929548513930388,0.08333333333333333
81,batch 70,KO179,ZebraF_7,1.0348712676284941,0.16666666666666666
81,batch 70,KO179,ZebraF_7,0.8095789179279784,0.25
81,batch 70,KO179,ZebraF_7,0.5993309067919131,0.3333333333333333
81,batch 70,KO179,ZebraF_7,0.5707086370765293,0.41666666666666663
81,batch 70,KO179,ZebraF_7,0.5114505954440774,0.5
81,batch 70,KO179,ZebraF_7,0.6554633884339822,0.5833333333333333
81,batch 70,KO179,ZebraF_7,1.1055383835972816,0.6666666666666666
81,batch 70,KO179,ZebraF_7,0.8010109626439534,0.75
81,batch 70,KO179,ZebraF_7,1.1825207900409174,0.8333333333333333
81,batch 70,KO179,ZebraF_7,1.0202351036304078,0.9166666666666666
82,batch 70,KO179,ZebraF_8,0.08990731396147197,0.0
82,batch 70,KO179,ZebraF_8,0.044886867700283294,0.08333333333333333
82,batch 70,KO179,ZebraF_8,0.20015683670880005,0.16666666666666666
82,batch 70,KO179,ZebraF_8,0.0563549297818219,0.25
82,batch 70,KO179,ZebraF_8,0.37075897840211486,0.3333333333333333
82,batch 70,KO179,ZebraF_8,0.39375524122696465,0.41666666666666663
82,batch 70,KO179,ZebraF_8,4.279355848284413,0.5
82,batch 70,KO179,ZebraF_8,0.2448522496620452,0.5833333333333333
82,batch 70,KO179,ZebraF_8,0.33566184997520854,0.6666666666666666
82,batch 70,KO179,ZebraF_8,0.39827655290650327,0.75
82,batch 70,KO179,ZebraF_8,0.8266985343722855,0.8333333333333333
82,batch 70,KO179,ZebraF_8,4.759334797018089,0.9166666666666666
83,batch 70,KO179,ZebraF_9,7.941335449080378,0.0
83,batch 70,KO179,ZebraF_9,0.6941859818198807,0.08333333333333333
83,batch 70,KO179,ZebraF_9,0.44377061963271974,0.16666666666666666
83,batch 70,KO179,ZebraF_9,0.5328389682540604,0.25
83,batch 70,KO179,ZebraF_9,0.44780346099550117,0.3333333333333333
83,batch 70,KO179,ZebraF_9,0.7138860069270433,0.41666666666666663
83,batch 70,KO179,ZebraF_9,0.19663375097188693,0.5
83,batch 70,KO179,ZebraF_9,0.3896809856411824,0.5833333333333333
83,batch 70,KO179,ZebraF_9,0.6398647766773451,0.6666666666666666
83,batch 70,KO179,ZebraF_9,0.0,0.75
83,batch 70,KO179,ZebraF_9,0.0,0.8333333333333333
83,batch 70,KO179,ZebraF_9,0.0,0.9166666666666666
84,batch 70,KO44,ZebraF_1,0.4334024297836965,0.0
84,batch 70,KO44,ZebraF_1,0.318335986059694,0.08333333333333333
84,batch 70,KO44,ZebraF_1,0.34364687123865867,0.16666666666666666
84,batch 70,KO44,ZebraF_1,2.3844232173339788,0.25
84,batch 70,KO44,ZebraF_1,0.7367260889506224,0.3333333333333333
84,batch 70,KO44,ZebraF_1,0.611844165803901,0.41666666666666663
84,batch 70,KO44,ZebraF_1,1.0044940296111655,0.5
84,batch 70,KO44,ZebraF_1,0.8523130068840301,0.5833333333333333
84,batch 70,KO44,ZebraF_1,1.6724979066490868,0.6666666666666666
84,batch 70,KO44,ZebraF_1,1.1413913817750643,0.75
84,batch 70,KO44,ZebraF_1,0.6549040952687747,0.8333333333333333
84,batch 70,KO44,ZebraF_1,1.846020820641329,0.9166666666666666
86,batch 70,KO44,ZebraF_11,0.6164759183507167,0.0
86,batch 70,KO44,ZebraF_11,0.030409427552392048,0.08333333333333333
86,batch 70,KO44,ZebraF_11,1.9213973689495993,0.16666666666666666
86,batch 70,KO44,ZebraF_11,0.3526043036199442,0.25
86,batch 70,KO44,ZebraF_11,1.215372460666071,0.3333333333333333
86,batch 70,KO44,ZebraF_11,0.012610335795154602,0.41666666666666663
86,batch 70,KO44,ZebraF_11,0.019408149029012577,0.5
86,batch 70,KO44,ZebraF_11,0.08772636823888263,0.5833333333333333
86,batch 70,KO44,ZebraF_11,7.017815990057458,0.6666666666666666
86,batch 70,KO44,ZebraF_11,0.23690468264354106,0.75
86,batch 70,KO44,ZebraF_11,0.1782893500493744,0.8333333333333333
86,batch 70,KO44,ZebraF_11,0.31098564504785203,0.9166666666666666
87,batch 70,KO44,ZebraF_12,1.9559175219002056,0.0
87,batch 70,KO44,ZebraF_12,0.5641451911757388,0.08333333333333333
87,batch 70,KO44,ZebraF_12,0.2375653061438572,0.16666666666666666
87,batch 70,KO44,ZebraF_12,0.15600308543057237,0.25
87,batch 70,KO44,ZebraF_12,0.265436968981589,0.3333333333333333
87,batch 70,KO44,ZebraF_12,0.14470145921219232,0.41666666666666663
87,batch 70,KO44,ZebraF_12,0.35523487007253135,0.5
87,batch 70,KO44,ZebraF_12,4.861643366739653,0.5833333333333333
87,batch 70,KO44,ZebraF_12,1.7321395195010436,0.6666666666666666
87,batch 70,KO44,ZebraF_12,0.6668580917593763,0.75
87,batch 70,KO44,ZebraF_12,0.3223779462366954,0.8333333333333333
87,batch 70,KO44,ZebraF_12,0.7379766728465444,0.9166666666666666
88,batch 70,KO44,ZebraF_2,3.110374433143641,0.0
88,batch 70,KO44,ZebraF_2,0.06803033444085767,0.08333333333333333
88,batch 70,KO44,ZebraF_2,0.27212446346826763,0.16666666666666666
88,batch 70,KO44,ZebraF_2,0.721271315115326,0.25
88,batch 70,KO44,ZebraF_2,0.898930288171152,0.3333333333333333
88,batch 70,KO44,ZebraF_2,1.2850131872892814,0.41666666666666663
88,batch 70,KO44,ZebraF_2,1.4277677194309832,0.5
88,batch 70,KO44,ZebraF_2,1.7071886789025454,0.5833333333333333
88,batch 70,KO44,ZebraF_2,2.1603941412667504,0.6666666666666666
88,batch 70,KO44,ZebraF_2,0.34890543877119745,0.75
88,batch 70,KO44,ZebraF_2,0.0,0.8333333333333333
88,batch 70,KO44,ZebraF_2,0.0,0.9166666666666666
89,batch 70,KO44,ZebraF_3,4.448906770322616,0.0
89,batch 70,KO44,ZebraF_3,0.04662819182580046,0.08333333333333333
89,batch 70,KO44,ZebraF_3,0.18539752810302124,0.16666666666666666
89,batch 70,KO44,ZebraF_3,0.26219888033093885,0.25
89,batch 70,KO44,ZebraF_3,0.439411278927027,0.3333333333333333
89,batch 70,KO44,ZebraF_3,0.7305300443630011,0.41666666666666663
89,batch 70,KO44,ZebraF_3,1.0026212498580351,0.5
89,batch 70,KO44,ZebraF_3,1.5143875923476633,0.5833333333333333
89,batch 70,KO44,ZebraF_3,1.5719245140199671,0.6666666666666666
89,batch 70,KO44,ZebraF_3,1.5396326187026181,0.75
89,batch 70,KO44,ZebraF_3,0.2583613311993096,0.8333333333333333
89,batch 70,KO44,ZebraF_3,0.0,0.9166666666666666
90,batch 70,KO44,ZebraF_4,1.1211911016150131,0.0
90,batch 70,KO44,ZebraF_4,0.039198286020833854,0.08333333333333333
90,batch 70,KO44,ZebraF_4,0.851896366653066,0.16666666666666666
90,batch 70,KO44,ZebraF_4,0.4973398338299437,0.25
90,batch 70,KO44,ZebraF_4,0.8777908157859616,0.3333333333333333
90,batch 70,KO44,ZebraF_4,1.0574853548648517,0.41666666666666663
90,batch 70,KO44,ZebraF_4,1.5199478613301498,0.5
90,batch 70,KO44,ZebraF_4,0.7076929169715974,0.5833333333333333
90,batch 70,KO44,ZebraF_4,1.0046165153724433,0.6666666666666666
90,batch 70,KO44,ZebraF_4,0.6797512807294002,0.75
90,batch 70,KO44,ZebraF_4,3.6430896668267403,0.8333333333333333
90,batch 70,KO44,ZebraF_4,0.0,0.9166666666666666
91,batch 70,KO44,ZebraF_5,4.275830107154009,0.0
91,batch 70,KO44,ZebraF_5,2.310461618086853,0.08333333333333333
91,batch 70,KO44,ZebraF_5,0.332660769771314,0.16666666666666666
91,batch 70,KO44,ZebraF_5,0.21535828731964904,0.25
91,batch 70,KO44,ZebraF_5,0.26809094929242483,0.3333333333333333
91,batch 70,KO44,ZebraF_5,2.0437216605208346,0.41666666666666663
91,batch 70,KO44,ZebraF_5,1.3147895732053014,0.5
91,batch 70,KO44,ZebraF_5,0.7093450726735163,0.5833333333333333
91,batch 70,KO44,ZebraF_5,0.27564525747159047,0.6666666666666666
91,batch 70,KO44,ZebraF_5,0.2350044360675345,0.75
91,batch 70,KO44,ZebraF_5,0.0,0.8333333333333333
91,batch 70,KO44,ZebraF_5,0.019092268436975524,0.9166666666666666
92,batch 70,KO44,ZebraF_6,3.903111118675413,0.0
92,batch 70,KO44,ZebraF_6,0.8326089224856934,0.08333333333333333
92,batch 70,KO44,ZebraF_6,0.5168589613516494,0.16666666666666666
92,batch 70,KO44,ZebraF_6,0.6112539359870878,0.25
92,batch 70,KO44,ZebraF_6,0.8052372663819138,0.3333333333333333
92,batch 70,KO44,ZebraF_6,0.16788034677133737,0.41666666666666663
92,batch 70,KO44,ZebraF_6,0.3629474151277081,0.5
92,batch 70,KO44,ZebraF_6,0.43357792567416453,0.5833333333333333
92,batch 70,KO44,ZebraF_6,0.7270201286969575,0.6666666666666666
92,batch 70,KO44,ZebraF_6,1.5036300182242095,0.75
92,batch 70,KO44,ZebraF_6,1.1594496736273796,0.8333333333333333
92,batch 70,KO44,ZebraF_6,0.9764242869964865,0.9166666666666666
93,batch 70,KO44,ZebraF_7,9.685228102399222,0.0
93,batch 70,KO44,ZebraF_7,0.029581224588999495,0.08333333333333333
93,batch 70,KO44,ZebraF_7,0.10355133095095491,0.16666666666666666
93,batch 70,KO44,ZebraF_7,0.017082851620075588,0.25
93,batch 70,KO44,ZebraF_7,0.8133939671849092,0.3333333333333333
93,batch 70,KO44,ZebraF_7,0.06303742468155547,0.41666666666666663
93,batch 70,KO44,ZebraF_7,0.0,0.5
93,batch 70,KO44,ZebraF_7,0.004970136025220495,0.5833333333333333
93,batch 70,KO44,ZebraF_7,0.005333721864064293,0.6666666666666666
93,batch 70,KO44,ZebraF_7,0.8215961314818442,0.75
93,batch 70,KO44,ZebraF_7,0.02028241189042243,0.8333333333333333
93,batch 70,KO44,ZebraF_7,0.43594269731273416,0.9166666666666666
94,batch 70,KO44,ZebraF_8,1.1645083416502322,0.0
94,batch 70,KO44,ZebraF_8,0.329463368247397,0.08333333333333333
94,batch 70,KO44,ZebraF_8,0.3942441968081459,0.16666666666666666
94,batch 70,KO44,ZebraF_8,0.6825850225616801,0.25
94,batch 70,KO44,ZebraF_8,0.4257568100695746,0.3333333333333333
94,batch 70,KO44,ZebraF_8,0.2625581908340632,0.41666666666666663
94,batch 70,KO44,ZebraF_8,0.4598578629710178,0.5
94,batch 70,KO44,ZebraF_8,0.3410310436303903,0.5833333333333333
94,batch 70,KO44,ZebraF_8,1.1139402972343213,0.6666666666666666
94,batch 70,KO44,ZebraF_8,2.682111954858856,0.75
94,batch 70,KO44,ZebraF_8,3.3072273752652475,0.8333333333333333
94,batch 70,KO44,ZebraF_8,0.8367155358690732,0.9166666666666666
95,batch 70,KO44,ZebraF_9,0.16354749262843016,0.0
95,batch 70,KO44,ZebraF_9,0.0,0.08333333333333333
95,batch 70,KO44,ZebraF_9,0.0,0.16666666666666666
95,batch 70,KO44,ZebraF_9,7.406901580077002,0.25
95,batch 70,KO44,ZebraF_9,4.42955092729457,0.3333333333333333
95,batch 70,KO44,ZebraF_9,0.0,0.41666666666666663
95,batch 70,KO44,ZebraF_9,0.0,0.5
95,batch 70,KO44,ZebraF_9,0.0,0.5833333333333333
95,batch 70,KO44,ZebraF_9,0.0,0.6666666666666666
95,batch 70,KO44,ZebraF_9,0.0,0.75
95,batch 70,KO44,ZebraF_9,0.0,0.8333333333333333
95,batch 70,KO44,ZebraF_9,0.0,0.9166666666666666
96,batch 70,WT,ZebraF_1,11,0.0
96,batch 70,WT,ZebraF_1,2.0531359306604244,0.08333333333333333
96,batch 70,WT,ZebraF_1,1.5813269028256358,0.16666666666666666
96,batch 70,WT,ZebraF_1,1.3425379461462068,0.25
96,batch 70,WT,ZebraF_1,0.45569900602651503,0.3333333333333333
96,batch 70,WT,ZebraF_1,0.29656438093626,0.41666666666666663
96,batch 70,WT,ZebraF_1,0.5395512358942487,0.5
96,batch 70,WT,ZebraF_1,0.7212099175922873,0.5833333333333333
96,batch 70,WT,ZebraF_1,0.21277567397811567,0.6666666666666666
96,batch 70,WT,ZebraF_1,0.4453033228273621,0.75
96,batch 70,WT,ZebraF_1,0.562568446646511,0.8333333333333333
96,batch 70,WT,ZebraF_1,0.09682413039555979,0.9166666666666666
97,batch 70,WT,ZebraF_10,9,0.0
97,batch 70,WT,ZebraF_10,2.424442824422803,0.08333333333333333
97,batch 70,WT,ZebraF_10,2.383851048950993,0.16666666666666666
97,batch 70,WT,ZebraF_10,1.5166338824241263,0.25
97,batch 70,WT,ZebraF_10,0.8492065486539784,0.3333333333333333
97,batch 70,WT,ZebraF_10,0.33813081099103354,0.41666666666666663
97,batch 70,WT,ZebraF_10,0.3313894605480047,0.5
97,batch 70,WT,ZebraF_10,1.7615977681978152,0.5833333333333333
97,batch 70,WT,ZebraF_10,0.10907992150294864,0.6666666666666666
97,batch 70,WT,ZebraF_10,0.0,0.75
97,batch 70,WT,ZebraF_10,0.0,0.8333333333333333
97,batch 70,WT,ZebraF_10,0.0,0.9166666666666666
98,batch 70,WT,ZebraF_11,10,0.0
98,batch 70,WT,ZebraF_11,1.04295816987641,0.08333333333333333
98,batch 70,WT,ZebraF_11,0.6976919068723926,0.16666666666666666
98,batch 70,WT,ZebraF_11,0.5519680548152756,0.25
98,batch 70,WT,ZebraF_11,0.6380770494962404,0.3333333333333333
98,batch 70,WT,ZebraF_11,1.0785633031888904,0.41666666666666663
98,batch 70,WT,ZebraF_11,0.6075579635769023,0.5
98,batch 70,WT,ZebraF_11,0.6421030642693834,0.5833333333333333
98,batch 70,WT,ZebraF_11,1.277600876766598,0.6666666666666666
98,batch 70,WT,ZebraF_11,1.7901598893583162,0.75
98,batch 70,WT,ZebraF_11,0.8929102248280323,0.8333333333333333
98,batch 70,WT,ZebraF_11,0.5548865534503535,0.9166666666666666
99,batch 70,WT,ZebraF_12,8,0.0
99,batch 70,WT,ZebraF_12,0.8113761414592687,0.08333333333333333
99,batch 70,WT,ZebraF_12,1.412650723870041,0.16666666666666666
99,batch 70,WT,ZebraF_12,1.780468298393178,0.25
99,batch 70,WT,ZebraF_12,1.3663919364855805,0.3333333333333333
99,batch 70,WT,ZebraF_12,1.524304511164805,0.41666666666666663
99,batch 70,WT,ZebraF_12,1.5594180704777654,0.5
99,batch 70,WT,ZebraF_12,1.1874592352276787,0.5833333333333333
99,batch 70,WT,ZebraF_12,0.8340721989892567,0.6666666666666666
99,batch 70,WT,ZebraF_12,0.4539055046888137,0.75
99,batch 70,WT,ZebraF_12,0.2712398970216198,0.8333333333333333
99,batch 70,WT,ZebraF_12,0.37215661659161303,0.9166666666666666
100,batch 70,WT,ZebraF_2,15,0.0
100,batch 70,WT,ZebraF_2,1.5381001684603308,0.08333333333333333
100,batch 70,WT,ZebraF_2,0.9509717548521647,0.16666666666666666
100,batch 70,WT,ZebraF_2,0.6772341133916265,0.25
100,batch 70,WT,ZebraF_2,0.35566404426797754,0.3333333333333333
100,batch 70,WT,ZebraF_2,0.2679154104108401,0.41666666666666663
100,batch 70,WT,ZebraF_2,0.080355559959675,0.5
100,batch 70,WT,ZebraF_2,0.05277268075721251,0.5833333333333333
100,batch 70,WT,ZebraF_2,0.0,0.6666666666666666
100,batch 70,WT,ZebraF_2,0.011227476989161168,0.75
100,batch 70,WT,ZebraF_2,0.013418324044647205,0.8333333333333333
100,batch 70,WT,ZebraF_2,0.0,0.9166666666666666
101,batch 70,WT,ZebraF_3,9,0.0
101,batch 70,WT,ZebraF_3,1.6225944721697891,0.08333333333333333
101,batch 70,WT,ZebraF_3,0.5451532025217082,0.16666666666666666
101,batch 70,WT,ZebraF_3,0.19600902106642187,0.25
101,batch 70,WT,ZebraF_3,0.11793899720035322,0.3333333333333333
101,batch 70,WT,ZebraF_3,0.09065446516632603,0.41666666666666663
101,batch 70,WT,ZebraF_3,0.08296165954986379,0.5
101,batch 70,WT,ZebraF_3,0.18333926322132596,0.5833333333333333
101,batch 70,WT,ZebraF_3,0.45578425865004896,0.6666666666666666
101,batch 70,WT,ZebraF_3,0.9805902714830442,0.75
101,batch 70,WT,ZebraF_3,0.927888185293708,0.8333333333333333
101,batch 70,WT,ZebraF_3,0.0,0.9166666666666666
102,batch 70,WT,ZebraF_4,21,0.0
102,batch 70,WT,ZebraF_4,1.0010390720983429,0.08333333333333333
102,batch 70,WT,ZebraF_4,1.1506543531280282,0.16666666666666666
102,batch 70,WT,ZebraF_4,1.0442784866488775,0.25
102,batch 70,WT,ZebraF_4,0.8256186080528432,0.3333333333333333
102,batch 70,WT,ZebraF_4,0.7214311462743783,0.41666666666666663
102,batch 70,WT,ZebraF_4,1.0535040380412968,0.5
102,batch 70,WT,ZebraF_4,1.2495187397893015,0.5833333333333333
102,batch 70,WT,ZebraF_4,0.8671137412909251,0.6666666666666666
102,batch 70,WT,ZebraF_4,0.9211987410710042,0.75
102,batch 70,WT,ZebraF_4,1.0097002187918087,0.8333333333333333
102,batch 70,WT,ZebraF_4,0.5558311250208536,0.9166666666666666
103,batch 70,WT,ZebraF_5,8,0.0
103,batch 70,WT,ZebraF_5,1.195615178862162,0.08333333333333333
103,batch 70,WT,ZebraF_5,1.2069015491621802,0.16666666666666666
103,batch 70,WT,ZebraF_5,0.9374583864039827,0.25
103,batch 70,WT,ZebraF_5,0.9675757836324603,0.3333333333333333
103,batch 70,WT,ZebraF_5,0.7137774998203732,0.41666666666666663
103,batch 70,WT,ZebraF_5,0.74145609275087,0.5
103,batch 70,WT,ZebraF_5,0.6712231233128874,0.5833333333333333
103,batch 70,WT,ZebraF_5,0.487429568237713,0.6666666666666666
103,batch 70,WT,ZebraF_5,0.7074922878747845,0.75
103,batch 70,WT,ZebraF_5,0.5669746064742421,0.8333333333333333
103,batch 70,WT,ZebraF_5,0.0,0.9166666666666666
104,batch 70,WT,ZebraF_6,16,0.0
104,batch 70,WT,ZebraF_6,0.6084129818453157,0.08333333333333333
104,batch 70,WT,ZebraF_6,0.5518476891474801,0.16666666666666666
104,batch 70,WT,ZebraF_6,0.46494331889293,0.25
104,batch 70,WT,ZebraF_6,0.6780785920529265,0.3333333333333333
104,batch 70,WT,ZebraF_6,0.8202516728404664,0.41666666666666663
104,batch 70,WT,ZebraF_6,1.3199859660350706,0.5
104,batch 70,WT,ZebraF_6,1.1719791334285943,0.5833333333333333
104,batch 70,WT,ZebraF_6,1.316060575696683,0.6666666666666666
104,batch 70,WT,ZebraF_6,1.4463349111278074,0.75
104,batch 70,WT,ZebraF_6,1.172804049375993,0.8333333333333333
104,batch 70,WT,ZebraF_6,0.1928140186846151,0.9166666666666666
105,batch 70,WT,ZebraF_7,17,0.0
105,batch 70,WT,ZebraF_7,0.6437228167020637,0.08333333333333333
105,batch 70,WT,ZebraF_7,0.46200960822253606,0.16666666666666666
105,batch 70,WT,ZebraF_7,0.4254317290707913,0.25
105,batch 70,WT,ZebraF_7,0.5438382143412149,0.3333333333333333
105,batch 70,WT,ZebraF_7,0.7261796179034669,0.41666666666666663
105,batch 70,WT,ZebraF_7,1.5428314039862614,0.5
105,batch 70,WT,ZebraF_7,0.9854300683650873,0.5833333333333333
105,batch 70,WT,ZebraF_7,0.7138198557678351,0.6666666666666666
105,batch 70,WT,ZebraF_7,0.7551952050678088,0.75
105,batch 70,WT,ZebraF_7,2.0923570252683117,0.8333333333333333
105,batch 70,WT,ZebraF_7,2.0087509367959524,0.9166666666666666
106,batch 70,WT,ZebraF_8,15,0.0
106,batch 70,WT,ZebraF_8,1.4798545713185915,0.08333333333333333
106,batch 70,WT,ZebraF_8,0.753725316726058,0.16666666666666666
106,batch 70,WT,ZebraF_8,0.3433208566488307,0.25
106,batch 70,WT,ZebraF_8,0.0812391712280352,0.3333333333333333
106,batch 70,WT,ZebraF_8,0.009957972019843537,0.41666666666666663
106,batch 70,WT,ZebraF_8,0.003800095921981938,0.5
106,batch 70,WT,ZebraF_8,1.579225658788218,0.5833333333333333
106,batch 70,WT,ZebraF_8,0.0,0.6666666666666666
106,batch 70,WT,ZebraF_8,0.0,0.75
106,batch 70,WT,ZebraF_8,0.0,0.8333333333333333
106,batch 70,WT,ZebraF_8,0.0,0.9166666666666666
107,batch 70,WT,ZebraF_9,13,0.0
107,batch 70,WT,ZebraF_9,1.564144189197676,0.08333333333333333
107,batch 70,WT,ZebraF_9,1.3707723278365265,0.16666666666666666
107,batch 70,WT,ZebraF_9,0.7212602705990728,0.25
107,batch 70,WT,ZebraF_9,0.471561934459222,0.3333333333333333
107,batch 70,WT,ZebraF_9,0.37465620605914823,0.41666666666666663
107,batch 70,WT,ZebraF_9,1.1460653697679528,0.5
107,batch 70,WT,ZebraF_9,0.9933379945396522,0.5833333333333333
107,batch 70,WT,ZebraF_9,0.8805876520922573,0.6666666666666666
107,batch 70,WT,ZebraF_9,0.060383724877062624,0.75
107,batch 70,WT,ZebraF_9,0.0,0.8333333333333333
107,batch 70,WT,ZebraF_9,0.0,0.9166666666666666
